pi_time_s,FR_target_rads,FR_actual_rads,FR_pwm,FL_target_rads,FL_actual_rads,FL_pwm,RR_target_rads,RR_actual_rads,RR_pwm,RL_target_rads,RL_actual_rads,RL_pwm,FR_error,FR_ff,FR_iterm,FR_pos_rad,FL_error,FL_ff,FL_iterm,FL_pos_rad,RR_error,RR_ff,RR_iterm,RR_pos_rad,RL_error,RL_ff,RL_iterm,RL_pos_rad
1789384779.9773,0,0,0,0,0,0,0,-0,0,0,-0,0,-0,0,0,0.882,-0,0,0,83.998,0,0,0,4.55,0,0,0,92.697
1789384779.9773,0,0,0,0,0,0,0,-0,0,0,-0,0,-0,0,0,0.882,-0,0,0,83.998,0,0,0,4.55,0,0,0,92.697
1789384779.9773,0,0,0,0,0,0,0,-0,0,0,-0,0,-0,0,0,0.882,-0,0,0,83.998,0,0,0,4.55,0,0,0,92.697
1789384780.0374,0,0,0,0,0,0,0,-0,0,0,-0,0,-0,0,0,0.882,-0,0,0,83.998,0,0,0,4.55,0,0,0,92.697
1789384780.0374,0,0,0,0,0,0,0,-0,0,0,-0,0,-0,0,0,0.882,-0,0,0,83.998,0,0,0,4.55,0,0,0,92.697
1789384780.0374,0,0,0,0,0,0,0,-0,0,0,-0,0,-0,0,0,0.882,-0,0,0,83.998,0,0,0,4.55,0,0,0,92.697
1789384780.1173,0,0,0,0,0,0,0,-0,0,0,-0,0,-0,0,0,0.882,-0,0,0,83.998,0,0,0,4.55,0,0,0,92.697
1789384780.1173,0,0,0,0,0,0,0,-0,0,0,-0,0,-0,0,0,0.882,-0,0,0,83.998,0,0,0,4.55,0,0,0,92.697
1789384780.1173,0,0,0,0,0,0,0,-0,0,0,-0,0,-0,0,0,0.882,-0,0,0,83.998,0,0,0,4.55,0,0,0,92.697
1789384780.1173,0,0,0,0,0,0,0,-0,0,0,-0,0,-0,0,0,0.882,-0,0,0,83.998,0,0,0,4.55,0,0,0,92.697
1789384780.1773,0,0,0,0,0,0,0,-0,0,0,-0,0,-0,0,0,0.882,-0,0,0,83.998,0,0,0,4.55,0,0,0,92.697
1789384780.1773,0,0,0,0,0,0,0,-0,0,0,-0,0,-0,0,0,0.882,-0,0,0,83.998,0,0,0,4.55,0,0,0,92.697
1789384780.1773,0,0,0,0,0,0,0,-0,0,0,-0,0,-0,0,0,0.882,-0,0,0,83.998,0,0,0,4.55,0,0,0,92.697
1789384780.2373,0,0,0,0,0,0,0,-0,0,0,-0,0,-0,0,0,0.882,-0,0,0,83.998,0,0,0,4.55,0,0,0,92.697
1789384780.2373,0,0,0,0,0,0,0,-0,0,0,-0,0,-0,0,0,0.882,-0,0,0,83.998,0,0,0,4.55,0,0,0,92.697
1789384780.2373,0,0,0,0,0,0,0,-0,0,0,-0,0,-0,0,0,0.882,-0,0,0,83.998,0,0,0,4.55,0,0,0,92.697
1789384780.3173,0,0,0,0,0,0,0,-0,0,0,-0,0,-0,0,0,0.882,-0,0,0,83.998,0,0,0,4.55,0,0,0,92.697
1789384780.3173,0,0,0,0,0,0,0,-0,0,0,-0,0,-0,0,0,0.882,-0,0,0,83.998,0,0,0,4.55,0,0,0,92.697
1789384780.3173,0,0,0,0,0,0,0,-0,0,0,-0,0,-0,0,0,0.882,-0,0,0,83.998,0,0,0,4.55,0,0,0,92.697
1789384780.3173,0,0,0,0,0,0,0,-0,0,0,-0,0,-0,0,0,0.882,-0,0,0,83.998,0,0,0,4.55,0,0,0,92.697
1789384780.3773,0,0,0,0,0,0,0,-0,0,0,-0,0,-0,0,0,0.882,-0,0,0,83.998,0,0,0,4.55,0,0,0,92.697
1789384780.3773,0,0,0,0,0,0,0,-0,0,0,-0,0,-0,0,0,0.882,-0,0,0,83.998,0,0,0,4.55,0,0,0,92.697
1789384780.3774,0,0,0,0,0,0,0,-0,0,0,-0,0,-0,0,0,0.882,-0,0,0,83.998,0,0,0,4.55,0,0,0,92.697
1789384780.4573,0,0,0,0,0,0,0,-0,0,0,-0,0,-0,0,0,0.882,-0,0,0,83.998,0,0,0,4.55,0,0,0,92.697
1789384780.4573,0,0,0,0,0,0,0,-0,0,0,-0,0,-0,0,0,0.882,-0,0,0,83.998,0,0,0,4.55,0,0,0,92.697
1789384780.4573,0,0,0,0,0,0,0,-0,0,0,-0,0,-0,0,0,0.882,-0,0,0,83.998,0,0,0,4.55,0,0,0,92.697
1789384780.4573,0,0,0,0,0,0,0,-0,0,0,-0,0,-0,0,0,0.882,-0,0,0,83.998,0,0,0,4.55,0,0,0,92.697
1789384780.5173,0,0,0,0,0,0,0,-0,0,0,-0,0,-0,0,0,0.882,-0,0,0,83.998,0,0,0,4.55,0,0,0,92.697
1789384780.5174,0,0,0,0,0,0,0,-0,0,0,-0,0,-0,0,0,0.882,-0,0,0,83.998,0,0,0,4.55,0,0,0,92.697
1789384780.5174,0,0,0,0,0,0,0,-0,0,0,-0,0,-0,0,0,0.882,-0,0,0,83.998,0,0,0,4.55,0,0,0,92.697
1789384780.5773,0,0,0,0,0,0,0,-0,0,0,-0,0,-0,0,0,0.882,-0,0,0,83.998,0,0,0,4.55,0,0,0,92.697
1789384780.5773,0,0,0,0,0,0,0,-0,0,0,-0,0,-0,0,0,0.882,-0,0,0,83.998,0,0,0,4.55,0,0,0,92.697
1789384780.5774,0,0,0,0,0,0,0,-0,0,0,-0,0,-0,0,0,0.882,-0,0,0,83.998,0,0,0,4.55,0,0,0,92.697
1789384780.6573,0,0,0,0,0,0,0,-0,0,0,-0,0,-0,0,0,0.882,-0,0,0,83.998,0,0,0,4.55,0,0,0,92.697
1789384780.6574,0,0,0,0,0,0,0,-0,0,0,-0,0,-0,0,0,0.882,-0,0,0,83.998,0,0,0,4.55,0,0,0,92.697
1789384780.6574,0,0,0,0,0,0,0,-0,0,0,-0,0,-0,0,0,0.882,-0,0,0,83.998,0,0,0,4.55,0,0,0,92.697
1789384780.6574,0,0,0,0,0,0,0,-0,0,0,-0,0,-0,0,0,0.882,-0,0,0,83.998,0,0,0,4.55,0,0,0,92.697
1789384780.7173,0,0,0,0,0,0,0,-0,0,0,-0,0,-0,0,0,0.882,-0,0,0,83.998,0,0,0,4.55,0,0,0,92.697
1789384780.7174,0,0,0,0,0,0,0,-0,0,0,-0,0,-0,0,0,0.882,-0,0,0,83.998,0,0,0,4.55,0,0,0,92.697
1789384780.7174,0,0,0,0,0,0,0,-0,0,0,-0,0,-0,0,0,0.882,-0,0,0,83.998,0,0,0,4.55,0,0,0,92.697
1789384780.7973,0,0,0,0,0,0,0,-0,0,0,-0,0,-0,0,0,0.882,-0,0,0,83.998,0,0,0,4.55,0,0,0,92.697
1789384780.7974,0,0,0,0,0,0,0,-0,0,0,-0,0,-0,0,0,0.882,-0,0,0,83.998,0,0,0,4.55,0,0,0,92.697
1789384780.7974,0,0,0,0,0,0,0,-0,0,0,-0,0,-0,0,0,0.882,-0,0,0,83.998,0,0,0,4.55,0,0,0,92.697
1789384780.7974,0,0,0,0,0,0,0,-0,0,0,-0,0,-0,0,0,0.882,-0,0,0,83.998,0,0,0,4.55,0,0,0,92.697
1789384780.8573,0,0,0,0,0,0,0,-0,0,0,-0,0,-0,0,0,0.882,-0,0,0,83.998,0,0,0,4.55,0,0,0,92.697
1789384780.8573,0,0,0,0,0,0,0,-0,0,0,-0,0,-0,0,0,0.882,-0,0,0,83.998,0,0,0,4.55,0,0,0,92.697
1789384780.8574,0,0,0,0,0,0,0,-0,0,0,-0,0,-0,0,0,0.882,-0,0,0,83.998,0,0,0,4.55,0,0,0,92.697
1789384780.9173,0,0,0,0,0,0,0,-0,0,0,-0,0,-0,0,0,0.882,-0,0,0,83.998,0,0,0,4.55,0,0,0,92.697
1789384780.9173,0,0,0,0,0,0,0,-0,0,0,-0,0,-0,0,0,0.882,-0,0,0,83.998,0,0,0,4.55,0,0,0,92.697
1789384780.9174,0,0,0,0,0,0,0,-0,0,0,-0,0,-0,0,0,0.882,-0,0,0,83.998,0,0,0,4.55,0,0,0,92.697
1789384780.9973,0,0,0,0,0,0,0,-0,0,0,-0,0,-0,0,0,0.882,-0,0,0,83.998,0,0,0,4.55,0,0,0,92.697
1789384780.9973,0,0,0,0,0,0,0,-0,0,0,-0,0,-0,0,0,0.882,-0,0,0,83.998,0,0,0,4.55,0,0,0,92.697
1789384780.9974,0,0,0,0,0,0,0,-0,0,0,-0,0,-0,0,0,0.882,-0,0,0,83.998,0,0,0,4.55,0,0,0,92.697
1789384780.9974,0,0,0,0,0,0,0,-0,0,0,-0,0,-0,0,0,0.882,-0,0,0,83.998,0,0,0,4.55,0,0,0,92.697
1789384781.0573,0,0,0,0,0,0,0,-0,0,0,-0,0,-0,0,0,0.882,-0,0,0,83.998,0,0,0,4.55,0,0,0,92.697
1789384781.0573,0,0,0,0,0,0,0,-0,0,0,-0,0,-0,0,0,0.882,-0,0,0,83.998,0,0,0,4.55,0,0,0,92.697
1789384781.0574,0,0,0,0,0,0,0,-0,0,0,-0,0,-0,0,0,0.882,-0,0,0,83.998,0,0,0,4.55,0,0,0,92.697
1789384781.1373,0,0,0,0,0,0,0,-0,0,0,-0,0,-0,0,0,0.882,-0,0,0,83.998,0,0,0,4.55,0,0,0,92.697
1789384781.1374,0,0,0,0,0,0,0,-0,0,0,-0,0,-0,0,0,0.882,-0,0,0,83.998,0,0,0,4.55,0,0,0,92.697
1789384781.1374,0,0,0,0,0,0,0,-0,0,0,-0,0,-0,0,0,0.882,-0,0,0,83.998,0,0,0,4.55,0,0,0,92.697
1789384781.1374,0,0,0,0,0,0,0,-0,0,0,-0,0,-0,0,0,0.882,-0,0,0,83.998,0,0,0,4.55,0,0,0,92.697
1789384781.1973,0,0,0,0,0,0,0,-0,0,0,-0,0,-0,0,0,0.882,-0,0,0,83.998,0,0,0,4.55,0,0,0,92.697
1789384781.1973,0,0,0,0,0,0,0,-0,0,0,-0,0,-0,0,0,0.882,-0,0,0,83.998,0,0,0,4.55,0,0,0,92.697
1789384781.1974,0,0,0,0,0,0,0,-0,0,0,-0,0,-0,0,0,0.882,-0,0,0,83.998,0,0,0,4.55,0,0,0,92.697
1789384781.2573,0,0,0,0,0,0,0,-0,0,0,-0,0,-0,0,0,0.882,-0,0,0,83.998,0,0,0,4.55,0,0,0,92.697
1789384781.2573,0,0,0,0,0,0,0,-0,0,0,-0,0,-0,0,0,0.882,-0,0,0,83.998,0,0,0,4.55,0,0,0,92.697
1789384781.2574,0,0,0,0,0,0,0,-0,0,0,-0,0,-0,0,0,0.882,-0,0,0,83.998,0,0,0,4.55,0,0,0,92.697
1789384781.3374,0,0,0,0,0,0,0,-0,0,0,-0,0,-0,0,0,0.882,-0,0,0,83.998,0,0,0,4.55,0,0,0,92.697
1789384781.3374,0,0,0,0,0,0,0,-0,0,0,-0,0,-0,0,0,0.882,-0,0,0,83.998,0,0,0,4.55,0,0,0,92.697
1789384781.3374,0,0,0,0,0,0,0,-0,0,0,-0,0,-0,0,0,0.882,-0,0,0,83.998,0,0,0,4.55,0,0,0,92.697
1789384781.3374,0,0,0,0,0,0,0,-0,0,0,-0,0,-0,0,0,0.882,-0,0,0,83.998,0,0,0,4.55,0,0,0,92.697
1789384781.3973,0,0,0,0,0,0,0,-0,0,0,-0,0,-0,0,0,0.882,-0,0,0,83.998,0,0,0,4.55,0,0,0,92.697
1789384781.3974,0,0,0,0,0,0,0,-0,0,0,-0,0,-0,0,0,0.882,-0,0,0,83.998,0,0,0,4.55,0,0,0,92.697
1789384781.3974,0,0,0,0,0,0,0,-0,0,0,-0,0,-0,0,0,0.882,-0,0,0,83.998,0,0,0,4.55,0,0,0,92.697
1789384781.4574,0,0,0,0,0,0,0,-0,0,0,-0,0,-0,0,0,0.882,-0,0,0,83.998,0,0,0,4.55,0,0,0,92.697
1789384781.4574,0,0,0,0,0,0,0,-0,0,0,-0,0,-0,0,0,0.882,-0,0,0,83.998,0,0,0,4.55,0,0,0,92.697
1789384781.4574,0.12,0,14,0.12,0,14,0.12,-0,14,0.12,-0,14,0.12,8.2,0.3,0.882,0.12,8.3,0.3,83.998,0.12,8.3,0.3,4.55,0.12,8.3,0.3,92.697
1789384781.5374,0.36,0.098,34,0.36,0.107,33,0.36,0.106,33,0.36,0.105,33,0.262,21.4,1.5,0.885,0.253,21.8,1.5,84.001,0.254,21.8,1.5,4.553,0.255,21.7,1.5,92.699
1789384781.5374,0.6,0.399,38,0.6,0.4,39,0.6,0.376,40,0.6,0.367,40,0.201,30.4,2.6,0.896,0.2,31,2.5,84.012,0.224,31,2.7,4.563,0.233,30.8,2.7,92.709
1789384781.5375,0.84,0.637,47,0.84,0.626,49,0.84,0.632,48,0.84,0.612,49,0.203,39.3,3.6,0.911,0.214,40.3,3.6,84.027,0.208,40.2,3.7,4.579,0.228,39.9,3.8,92.724
1789384781.5375,1,0.842,52,1,0.816,55,1,0.854,52,1,0.834,53,0.158,45.3,4.6,0.93,0.184,46.4,4.6,84.045,0.146,46.3,4.6,4.598,0.166,46,4.8,92.743
1789384781.5974,1,1.017,45,1,1.01,46,1,1.021,45,1,1.001,46,-0.017,45.3,4.6,0.952,-0.01,46.4,4.8,84.067,-0.021,46.3,4.7,4.62,-0.001,46,5,92.765
1789384781.5975,1,1.037,45,1,1.032,47,1,1.044,46,1,1.043,46,-0.037,45.3,4.4,0.973,-0.032,46.4,4.6,84.088,-0.044,46.3,4.4,4.641,-0.043,46,4.8,92.786
1789384781.5975,1,1.008,48,1,1,50,1,1.035,47,1,1.034,48,-0.008,45.3,4.4,0.993,-0,46.4,4.6,84.108,-0.035,46.3,4.3,4.662,-0.034,46,4.6,92.807
1789384781.6574,1,1.026,47,1,1.003,50,1,1.044,47,1,1.041,48,-0.026,45.3,4.3,1.014,-0.003,46.4,4.6,84.128,-0.044,46.3,4.1,4.683,-0.041,46,4.4,92.828
1789384781.6575,1,1.049,46,1,1.037,48,1,1.051,47,1,1.062,47,-0.049,45.3,4.1,1.035,-0.037,46.4,4.5,84.149,-0.051,46.3,3.8,4.704,-0.062,46,4.1,92.849
1789384781.6575,1,1.048,47,1,1.026,49,1,1.045,48,1,1.066,46,-0.048,45.3,3.8,1.056,-0.026,46.4,4.3,84.169,-0.045,46.3,3.6,4.725,-0.066,46,3.8,92.87
1789384781.7174,1,1.045,47,1,1.002,51,1,1.051,47,1,1.05,47,-0.045,45.3,3.6,1.077,-0.002,46.4,4.3,84.189,-0.051,46.3,3.3,4.746,-0.05,46,3.5,92.891
1789384781.7175,1,1.04,47,1,1.026,49,1,1.053,47,1,1.047,47,-0.04,45.3,3.4,1.098,-0.026,46.4,4.2,84.21,-0.053,46.3,3.1,4.767,-0.047,46,3.3,92.912
1789384781.7175,1,1.043,46,1,1.025,49,1,1.056,46,1,1.055,46,-0.043,45.3,3.2,1.119,-0.025,46.4,4,84.23,-0.056,46.3,2.8,4.788,-0.055,46,3.1,92.933
1789384781.7974,1,1.044,46,1,1.014,50,1,1.057,46,1,1.045,47,-0.044,45.3,3,1.139,-0.014,46.4,4,84.251,-0.057,46.3,2.5,4.809,-0.045,46,2.8,92.954
1789384781.7974,1,1.049,46,1,1.026,49,1,1.056,46,1,1.048,46,-0.049,45.3,2.7,1.161,-0.026,46.4,3.8,84.271,-0.056,46.3,2.2,4.83,-0.048,46,2.6,92.975
1789384781.7975,1,1.048,46,1,1.038,48,1,1.041,47,1,1.051,46,-0.048,45.3,2.5,1.181,-0.038,46.4,3.7,84.292,-0.041,46.3,2,4.851,-0.051,46,2.3,92.996
1789384781.7975,1,1.038,46,1,1.01,50,1,1.036,47,1,1.041,46,-0.038,45.3,2.3,1.202,-0.01,46.4,3.6,84.312,-0.036,46.3,1.8,4.872,-0.041,46,2.1,93.017
1789384781.8574,1,1.029,46,1,1.017,49,1,1.036,46,1,1.031,47,-0.029,45.3,2.1,1.223,-0.017,46.4,3.5,84.332,-0.036,46.3,1.6,4.892,-0.031,46,2,93.037
1789384781.8574,1,1.03,46,1,1.025,49,1,1.038,46,1,1.04,46,-0.03,45.3,2,1.243,-0.025,46.4,3.4,84.353,-0.038,46.3,1.5,4.913,-0.04,46,1.8,93.058
1789384781.8575,1,1.025,46,1,1.017,49,1,1.041,46,1,1.036,46,-0.025,45.3,1.8,1.264,-0.017,46.4,3.3,84.373,-0.041,46.3,1.3,4.934,-0.036,46,1.6,93.079
1789384781.9174,1,1.029,46,1,1.007,49,1,1.044,45,1,1.033,46,-0.029,45.3,1.7,1.284,-0.007,46.4,3.3,84.393,-0.044,46.3,1,4.955,-0.033,46,1.4,93.1
1789384781.9174,1,1.038,45,1,1.023,48,1,1.028,46,1,1.042,45,-0.038,45.3,1.5,1.305,-0.023,46.4,3.2,84.414,-0.028,46.3,0.9,4.975,-0.042,46,1.2,93.121
1789384781.9174,1,1.029,45,1,1.016,49,1,1.016,47,1,1.039,45,-0.029,45.3,1.4,1.326,-0.016,46.4,3.1,84.434,-0.016,46.3,0.8,4.996,-0.039,46,1,93.141
1789384781.9774,1,1.019,46,1,0.996,50,1,1.021,46,1,1.023,46,-0.019,45.3,1.2,1.346,0.004,46.4,3.1,84.454,-0.021,46.3,0.7,5.016,-0.023,46,0.9,93.162
1789384781.9775,1,1.018,46,1,1.024,48,1,1.022,46,1,1.025,46,-0.018,45.3,1.2,1.366,-0.024,46.4,3,84.475,-0.022,46.3,0.6,5.036,-0.025,46,0.7,93.182
1789384781.9775,1,1.022,45,1,1.026,48,1,1.023,46,1,1.031,45,-0.022,45.3,1,1.387,-0.026,46.4,2.9,84.495,-0.023,46.3,0.5,5.057,-0.031,46,0.6,93.203
1789384782.0574,1,1.018,46,1,1.01,49,1,1.029,45,1,1.023,45,-0.018,45.3,1,1.407,-0.01,46.4,2.8,84.515,-0.029,46.3,0.3,5.078,-0.023,46,0.5,93.223
1789384782.0574,1,1.029,45,1,1.009,49,1,1.027,45,1,1.021,45,-0.029,45.3,0.8,1.428,-0.009,46.4,2.7,84.535,-0.027,46.3,0.2,5.098,-0.021,46,0.4,93.244
1789384782.0575,1,1.033,44,1,1.027,48,1,1.008,46,1,1.033,45,-0.033,45.3,0.7,1.449,-0.027,46.4,2.6,84.556,-0.008,46.3,0.1,5.118,-0.033,46,0.2,93.264
1789384782.0575,1,1.017,45,1,1.013,48,1,1.004,46,1,1.024,45,-0.017,45.3,0.6,1.469,-0.013,46.4,2.5,84.576,-0.004,46.3,0.1,5.138,-0.024,46,0.1,93.285
1789384782.1175,1,1.009,46,1,0.998,49,1,1.012,46,1,1.009,46,-0.009,45.3,0.5,1.489,0.002,46.4,2.5,84.596,-0.012,46.3,0.1,5.158,-0.009,46,0,93.305
1789384782.1175,1,1.015,45,1,1.021,48,1,1.018,45,1,1.015,45,-0.015,45.3,0.4,1.509,-0.021,46.4,2.4,84.617,-0.018,46.3,-0,5.179,-0.015,46,-0,93.325
1789384782.1175,1,1.009,45,1,1.018,48,1,1.018,45,1,1.012,45,-0.009,45.3,0.4,1.529,-0.018,46.4,2.4,84.637,-0.018,46.3,-0.1,5.199,-0.012,46,-0.1,93.345
1789384782.1775,1,1.009,45,1,1.006,49,1,1.026,45,1,1.009,46,-0.009,45.3,0.3,1.549,-0.006,46.4,2.3,84.657,-0.026,46.3,-0.2,5.22,-0.009,46,-0.1,93.365
1789384782.1775,1,1.024,44,1,1.021,48,1,1.023,45,1,1.021,45,-0.024,45.3,0.2,1.57,-0.021,46.4,2.2,84.678,-0.023,46.3,-0.4,5.24,-0.021,46,-0.2,93.386
1789384782.1775,1,1.029,44,1,1.026,47,1,1.009,46,1,1.02,45,-0.029,45.3,0.1,1.591,-0.026,46.4,2.1,84.698,-0.009,46.3,-0.4,5.26,-0.02,46,-0.3,93.406
1789384782.2375,1,1.017,45,1,0.997,49,1,1.009,45,1,1.005,46,-0.017,45.3,-0,1.611,0.003,46.4,2.1,84.718,-0.009,46.3,-0.5,5.28,-0.005,46,-0.4,93.426
1789384782.2375,1,1.009,45,1,1.006,48,1,1.013,45,1,1.006,45,-0.009,45.3,-0.1,1.631,-0.006,46.4,2.1,84.738,-0.013,46.3,-0.5,5.301,-0.006,46,-0.4,93.446
1789384782.2375,1,1.014,45,1,1.022,47,1,1.015,45,1,1.013,45,-0.014,45.3,-0.1,1.651,-0.022,46.4,2,84.759,-0.015,46.3,-0.6,5.321,-0.013,46,-0.5,93.467
1789384782.2975,1,1.011,45,1,1.008,48,1,1.02,45,1,1.005,45,-0.011,45.3,-0.2,1.672,-0.008,46.4,1.9,84.779,-0.02,46.3,-0.7,5.342,-0.005,46,-0.5,93.487
1789384782.2976,1,1.018,44,1,1,48,1,1.024,44,1,1.005,45,-0.018,45.3,-0.3,1.692,-0,46.4,1.9,84.799,-0.024,46.3,-0.8,5.362,-0.005,46,-0.5,93.507
1789384782.2976,1,1.027,44,1,1.02,47,1,1.012,45,1,1.017,45,-0.027,45.3,-0.4,1.713,-0.02,46.4,1.8,84.819,-0.012,46.3,-0.9,5.382,-0.017,46,-0.6,93.527
1789384782.3575,1,1.021,44,1,1.01,48,1,0.999,46,1,1.017,44,-0.021,45.3,-0.5,1.733,-0.01,46.4,1.8,84.839,0.001,46.3,-0.9,5.402,-0.017,46,-0.7,93.548
1789384782.3575,1,1.011,44,1,0.989,49,1,1.008,45,1,1.001,45,-0.011,45.3,-0.6,1.753,0.011,46.4,1.8,84.859,-0.008,46.3,-0.9,5.422,-0.001,46,-0.7,93.568
1789384782.3575,1,1.008,44,1,1.013,47,1,1.012,45,1,0.999,45,-0.008,45.3,-0.6,1.773,-0.013,46.4,1.8,84.879,-0.012,46.3,-1,5.443,0.001,46,-0.7,93.587
1789384782.4375,1,1.007,44,1,1.011,48,1,1.012,45,1,1.007,45,-0.007,45.3,-0.7,1.793,-0.011,46.4,1.7,84.9,-0.012,46.3,-1,5.463,-0.007,46,-0.7,93.608
1789384782.4375,1,0.998,45,1,0.994,49,1,1.018,44,1,1.006,45,0.002,45.3,-0.7,1.813,0.006,46.4,1.7,84.919,-0.018,46.3,-1.1,5.483,-0.006,46,-0.8,93.628
1789384782.4375,1,1.011,44,1,0.997,48,1,1.016,44,1,1.013,45,-0.011,45.3,-0.7,1.834,0.003,46.4,1.7,84.939,-0.016,46.3,-1.2,5.504,-0.013,46,-0.8,93.648
1789384782.4375,1,1.023,43,1,1.014,47,1,1.002,45,1,1.025,44,-0.023,45.3,-0.8,1.854,-0.014,46.4,1.7,84.96,-0.002,46.3,-1.2,5.523,-0.025,46,-0.9,93.669
1789384782.4975,1,1.011,44,1,0.997,48,1,1,45,1,1.01,45,-0.011,45.3,-0.9,1.874,0.003,46.4,1.7,84.979,0,46.3,-1.2,5.543,-0.01,46,-1,93.689
1789384782.4975,1,0.996,45,1,0.982,49,1,1.006,45,1,0.997,45,0.004,45.3,-0.9,1.894,0.018,46.4,1.8,84.999,-0.006,46.3,-1.3,5.564,0.003,46,-1,93.709
1789384782.4975,1,1,44,1,1.008,48,1,1.01,45,1,1.003,45,0,45.3,-0.9,1.914,-0.008,46.4,1.7,85.019,-0.01,46.3,-1.3,5.584,-0.003,46,-1,93.729
1789384782.5575,1,0.995,45,1,1.014,47,1,1.017,44,1,1.005,45,0.005,45.3,-0.8,1.934,-0.014,46.4,1.7,85.04,-0.017,46.3,-1.4,5.604,-0.005,46,-1,93.749
1789384782.5575,1,1,44,1,0.999,48,1,1.016,44,1,1.008,45,0,45.3,-0.8,1.954,0.001,46.4,1.7,85.06,-0.016,46.3,-1.5,5.625,-0.008,46,-1,93.769
1789384782.5575,1,1.015,44,1,1.01,47,1,1.011,44,1,1.017,44,-0.015,45.3,-0.9,1.974,-0.01,46.4,1.6,85.08,-0.011,46.3,-1.5,5.645,-0.017,46,-1.1,93.789
1789384782.6175,1,1.018,43,1,1.018,47,1,0.996,45,1,1.016,44,-0.018,45.3,-1,1.995,-0.018,46.4,1.5,85.1,0.004,46.3,-1.5,5.664,-0.016,46,-1.2,93.81
1789384782.6175,1,1.003,44,1,0.994,48,1,0.996,45,1,1,45,-0.003,45.3,-1,2.015,0.006,46.4,1.5,85.12,0.004,46.3,-1.5,5.684,-0,46,-1.2,93.83
1789384782.6175,1,0.994,45,1,0.995,48,1,1.004,45,1,0.995,45,0.006,45.3,-1,2.035,0.005,46.4,1.6,85.14,-0.004,46.3,-1.5,5.705,0.005,46,-1.2,93.849
1789384782.6775,1,1.002,44,1,1.011,47,1,1.006,44,1,1.001,45,-0.002,45.3,-1,2.055,-0.011,46.4,1.5,85.16,-0.006,46.3,-1.5,5.725,-0.001,46,-1.2,93.869
1789384782.6776,1,0.995,45,1,1.001,48,1,1.008,44,1,1.003,45,0.005,45.3,-1,2.075,-0.001,46.4,1.5,85.18,-0.008,46.3,-1.6,5.745,-0.003,46,-1.2,93.89
1789384782.6776,1,1.002,44,1,0.987,49,1,1.009,44,1,1.001,45,-0.002,45.3,-1,2.095,0.013,46.4,1.6,85.2,-0.009,46.3,-1.6,5.765,-0.001,46,-1.2,93.91
1789384782.7575,1,1.016,43,1,1.006,48,1,1.004,45,1,1.015,44,-0.016,45.3,-1,2.115,-0.006,46.4,1.6,85.22,-0.004,46.3,-1.6,5.785,-0.015,46,-1.3,93.93
1789384782.7575,1,1.01,44,1,1.009,47,1,0.993,45,1,1.008,44,-0.01,45.3,-1.1,2.135,-0.009,46.4,1.5,85.24,0.007,46.3,-1.6,5.805,-0.008,46,-1.3,93.95
1789384782.7575,1,0.995,45,1,0.984,49,1,0.999,45,1,0.989,45,0.005,45.3,-1.1,2.155,0.016,46.4,1.6,85.26,0.001,46.3,-1.6,5.825,0.011,46,-1.3,93.97
1789384782.7575,1,0.997,44,1,0.998,48,1,1.003,45,1,0.989,45,0.003,45.3,-1.1,2.175,0.002,46.4,1.6,85.28,-0.003,46.3,-1.6,5.845,0.011,46,-1.2,93.989
1789384782.8175,1,1.003,44,1,1.011,47,1,1.004,44,1,0.995,45,-0.003,45.3,-1.1,2.195,-0.011,46.4,1.6,85.3,-0.004,46.3,-1.6,5.865,0.005,46,-1.2,94.009
1789384782.8175,1,0.996,44,1,0.999,48,1,1.005,44,1,0.996,45,0.004,45.3,-1.1,2.215,0.001,46.4,1.6,85.32,-0.005,46.3,-1.7,5.885,0.004,46,-1.2,94.029
1789384782.8175,1,1.002,44,1,0.992,48,1,1.005,44,1,1.004,45,-0.002,45.3,-1.1,2.235,0.008,46.4,1.6,85.34,-0.005,46.3,-1.7,5.905,-0.004,46,-1.2,94.049
1789384782.8775,1,1.014,43,1,1.005,48,1,0.997,45,1,1.015,44,-0.014,45.3,-1.1,2.255,-0.005,46.4,1.6,85.36,0.003,46.3,-1.7,5.925,-0.015,46,-1.2,94.07
1789384782.8775,1,1.006,44,1,1.001,48,1,0.992,45,1,1.008,44,-0.006,45.3,-1.2,2.275,-0.001,46.4,1.6,85.38,0.008,46.3,-1.7,5.945,-0.008,46,-1.3,94.09
1789384782.8775,1,0.998,44,1,0.985,49,1,0.999,45,1,0.993,45,0.002,45.3,-1.2,2.295,0.015,46.4,1.6,85.399,0.001,46.3,-1.6,5.965,0.007,46,-1.3,94.11
1789384782.9375,1,0.999,44,1,1.003,48,1,1.006,44,1,0.995,45,0.001,45.3,-1.2,2.315,-0.003,46.4,1.7,85.42,-0.006,46.3,-1.7,5.985,0.005,46,-1.2,94.13
1789384782.9376,1,0.995,44,1,1.009,48,1,1.001,45,1,1.002,45,0.005,45.3,-1.2,2.335,-0.009,46.4,1.6,85.44,-0.001,46.3,-1.7,6.005,-0.002,46,-1.2,94.15
1789384782.9376,1,0.998,44,1,0.999,48,1,1.006,44,1,1.002,45,0.002,45.3,-1.1,2.355,0.001,46.4,1.6,85.46,-0.006,46.3,-1.7,6.025,-0.002,46,-1.3,94.17
1789384782.9975,1,1.015,43,1,0.998,48,1,1.007,44,1,1.013,44,-0.015,45.3,-1.2,2.376,0.002,46.4,1.6,85.48,-0.007,46.3,-1.7,6.046,-0.013,46,-1.3,94.19
1789384782.9975,0.76,1.002,23,0.76,0.992,28,0.76,0.981,25,0.76,1.005,24,-0.242,36.3,-2.1,2.396,-0.232,37.2,0.7,85.5,-0.221,37.1,-2.6,6.065,-0.245,36.9,-2.3,94.21
1789384782.9975,0.52,0.835,11,0.52,0.871,13,0.52,0.828,12,0.52,0.836,12,-0.315,27.4,-3.7,2.411,-0.351,28,-0.9,85.516,-0.308,27.9,-4.1,6.08,-0.316,27.8,-3.8,94.226
1789384783.0774,0.28,0.579,4,0.28,0.626,4,0.28,0.577,4,0.28,0.57,4,-0.299,18.4,-5.2,2.42,-0.346,18.8,-2.7,85.526,-0.297,18.7,-5.6,6.089,-0.29,18.6,-5.3,94.234
1789384783.0774,0.04,0.322,-13,0.04,0.321,-10,0.04,0.31,-13,0.04,0.295,-11,-0.282,1.5,-6.6,2.424,-0.281,1.5,-4.2,85.529,-0.27,1.5,-7,6.093,-0.255,1.5,-6.6,94.237
1789384783.0774,0,0.095,0,0,0.072,0,0,0.08,0,0,0.067,0,-0.095,0,0,2.423,-0.072,0,0,85.528,-0.08,0,0,6.092,-0.067,0,0,94.236
1789384783.0774,0,0.031,0,0,-0.001,0,0,0.028,0,0,0.016,0,-0.031,0,0,2.423,0.001,0,0,85.527,-0.028,0,0,6.092,-0.016,0,0,94.236
1789384783.1374,0,0.012,0,0,-0.003,0,0,0.01,0,0,0.006,0,-0.012,0,0,2.423,0.003,0,0,85.527,-0.01,0,0,6.092,-0.006,0,0,94.236
1789384783.1374,0,0.006,0,0,-0.001,0,0,0.004,0,0,0.002,0,-0.006,0,0,2.423,0.001,0,0,85.527,-0.004,0,0,6.092,-0.002,0,0,94.236
1789384783.1374,0,0.002,0,0,-0,0,0,0.001,0,0,0.001,0,-0.002,0,0,2.423,0,0,0,85.527,-0.001,0,0,6.092,-0.001,0,0,94.236
1789384783.1974,0,0.001,0,0,-0,0,0,0,0,0,0,0,-0.001,0,0,2.423,0,0,0,85.527,-0,0,0,6.092,-0,0,0,94.236
1789384783.1974,0,0,0,0,-0,0,0,0,0,0,0,0,-0,0,0,2.423,0,0,0,85.527,-0,0,0,6.092,-0,0,0,94.236
1789384783.1974,0,0,0,0,-0,0,0,0,0,0,0,0,-0,0,0,2.423,0,0,0,85.527,-0,0,0,6.092,-0,0,0,94.236
1789384783.2774,0,0,0,0,-0,0,0,0,0,0,0,0,-0,0,0,2.423,0,0,0,85.527,-0,0,0,6.092,-0,0,0,94.236
1789384783.2775,0,0,0,0,-0,0,0,0,0,0,0,0,-0,0,0,2.423,0,0,0,85.527,-0,0,0,6.092,-0,0,0,94.236
1789384783.2775,0,0,0,0,-0,0,0,0,0,0,0,0,-0,0,0,2.423,0,0,0,85.527,-0,0,0,6.092,-0,0,0,94.236
1789384783.2775,0,0,0,0,-0,0,0,0,0,0,0,0,-0,0,0,2.423,0,0,0,85.527,-0,0,0,6.092,-0,0,0,94.236
1789384783.3374,0,0,0,0,-0,0,0,0,0,0,0,0,-0,0,0,2.423,0,0,0,85.527,-0,0,0,6.092,-0,0,0,94.236
1789384783.3374,0,0,0,0,-0,0,0,0,0,0,0,0,-0,0,0,2.423,0,0,0,85.527,-0,0,0,6.092,-0,0,0,94.236
1789384783.3374,0,0,0,0,-0,0,0,0,0,0,0,0,-0,0,0,2.423,0,0,0,85.527,-0,0,0,6.092,-0,0,0,94.236
1789384783.4174,0,0,0,0,-0,0,0,0,0,0,0,0,-0,0,0,2.423,0,0,0,85.527,-0,0,0,6.092,-0,0,0,94.236
1789384783.4174,0,0,0,0,-0,0,0,0,0,0,0,0,-0,0,0,2.423,0,0,0,85.527,-0,0,0,6.092,-0,0,0,94.236
1789384783.4174,0,0,0,0,-0,0,0,0,0,0,0,0,-0,0,0,2.423,0,0,0,85.527,-0,0,0,6.092,-0,0,0,94.236
1789384783.4174,0,0,0,0,-0,0,0,0,0,0,0,0,-0,0,0,2.423,0,0,0,85.527,-0,0,0,6.092,-0,0,0,94.236
1789384783.4774,0,0,0,0,-0,0,0,0,0,0,0,0,-0,0,0,2.423,0,0,0,85.527,-0,0,0,6.092,-0,0,0,94.236
1789384783.4775,0,0,0,0,-0,0,0,0,0,0,0,0,-0,0,0,2.423,0,0,0,85.527,-0,0,0,6.092,-0,0,0,94.236
1789384783.4775,0,0,0,0,-0,0,0,0,0,0,0,0,-0,0,0,2.423,0,0,0,85.527,-0,0,0,6.092,-0,0,0,94.236
1789384783.5374,0,0,0,0,-0,0,0,0,0,0,0,0,-0,0,0,2.423,0,0,0,85.527,-0,0,0,6.092,-0,0,0,94.236
1789384783.5374,0,0,0,0,-0,0,0,0,0,0,0,0,-0,0,0,2.423,0,0,0,85.527,-0,0,0,6.092,-0,0,0,94.236
1789384783.5374,0,0,0,0,-0,0,0,0,0,0,0,0,-0,0,0,2.423,0,0,0,85.527,-0,0,0,6.092,-0,0,0,94.236
1789384783.6174,0,0,0,0,-0,0,0,0,0,0,0,0,-0,0,0,2.423,0,0,0,85.527,-0,0,0,6.092,-0,0,0,94.236
1789384783.6175,0,0,0,0,-0,0,0,0,0,0,0,0,-0,0,0,2.423,0,0,0,85.527,-0,0,0,6.092,-0,0,0,94.236
1789384783.6175,0,0,0,0,-0,0,0,0,0,0,0,0,-0,0,0,2.423,0,0,0,85.527,-0,0,0,6.092,-0,0,0,94.236
1789384783.6175,0,0,0,0,-0,0,0,0,0,0,0,0,-0,0,0,2.423,0,0,0,85.527,-0,0,0,6.092,-0,0,0,94.236
1789384783.6774,0,0,0,0,-0,0,0,0,0,0,0,0,-0,0,0,2.423,0,0,0,85.527,-0,0,0,6.092,-0,0,0,94.236
1789384783.6775,0,0,0,0,-0,0,0,0,0,0,0,0,-0,0,0,2.423,0,0,0,85.527,-0,0,0,6.092,-0,0,0,94.236
1789384783.6775,0,0,0,0,-0,0,0,0,0,0,0,0,-0,0,0,2.423,0,0,0,85.527,-0,0,0,6.092,-0,0,0,94.236
1789384783.7374,0,0,0,0,-0,0,0,0,0,0,0,0,-0,0,0,2.423,0,0,0,85.527,-0,0,0,6.092,-0,0,0,94.236
1789384783.7374,0,0,0,0,-0,0,0,0,0,0,0,0,-0,0,0,2.423,0,0,0,85.527,-0,0,0,6.092,-0,0,0,94.236
1789384783.7374,0,0,0,0,-0,0,0,0,0,0,0,0,-0,0,0,2.423,0,0,0,85.527,-0,0,0,6.092,-0,0,0,94.236
1789384783.8174,0,0,0,0,-0,0,0,0,0,0,0,0,-0,0,0,2.423,0,0,0,85.527,-0,0,0,6.092,-0,0,0,94.236
1789384783.8174,0,0,0,0,-0,0,0,0,0,0,0,0,-0,0,0,2.423,0,0,0,85.527,-0,0,0,6.092,-0,0,0,94.236
1789384783.8174,0,0,0,0,-0,0,0,0,0,0,0,0,-0,0,0,2.423,0,0,0,85.527,-0,0,0,6.092,-0,0,0,94.236
1789384783.8174,0,0,0,0,-0,0,0,0,0,0,0,0,-0,0,0,2.423,0,0,0,85.527,-0,0,0,6.092,-0,0,0,94.236
1789384783.8774,0,0,0,0,-0,0,0,0,0,0,0,0,-0,0,0,2.423,0,0,0,85.527,-0,0,0,6.092,-0,0,0,94.236
1789384783.8774,0,0,0,0,-0,0,0,0,0,0,0,0,-0,0,0,2.423,0,0,0,85.527,-0,0,0,6.092,-0,0,0,94.236
1789384783.8774,0,0,0,0,-0,0,0,0,0,0,0,0,-0,0,0,2.423,0,0,0,85.527,-0,0,0,6.092,-0,0,0,94.236
1789384783.9574,0,0,0,0,-0,0,0,0,0,0,0,0,-0,0,0,2.423,0,0,0,85.527,-0,0,0,6.092,-0,0,0,94.236
1789384783.9574,0,0,0,0,-0,0,0,0,0,0,0,0,-0,0,0,2.423,0,0,0,85.527,-0,0,0,6.092,-0,0,0,94.236
1789384783.9574,0,0,0,0,-0,0,0,0,0,0,0,0,-0,0,0,2.423,0,0,0,85.527,-0,0,0,6.092,-0,0,0,94.236
1789384783.9574,0,0,0,0,-0,0,0,0,0,0,0,0,-0,0,0,2.423,0,0,0,85.527,-0,0,0,6.092,-0,0,0,94.236
1789384784.0174,0,0,0,0,-0,0,0,0,0,0,0,0,-0,0,0,2.423,0,0,0,85.527,-0,0,0,6.092,-0,0,0,94.236
1789384784.0174,0,0,0,0,-0,0,0,0,0,0,0,0,-0,0,0,2.423,0,0,0,85.527,-0,0,0,6.092,-0,0,0,94.236
1789384784.0174,0,0,0,0,-0,0,0,0,0,0,0,0,-0,0,0,2.423,0,0,0,85.527,-0,0,0,6.092,-0,0,0,94.236
1789384784.0774,0,0,0,0,-0,0,0,0,0,0,0,0,-0,0,0,2.423,0,0,0,85.527,-0,0,0,6.092,-0,0,0,94.236
1789384784.0774,0,0,0,0,-0,0,0,0,0,0,0,0,-0,0,0,2.423,0,0,0,85.527,-0,0,0,6.092,-0,0,0,94.236
1789384784.0774,0,0,0,0,-0,0,0,0,0,0,0,0,-0,0,0,2.423,0,0,0,85.527,-0,0,0,6.092,-0,0,0,94.236
1789384784.1575,0,0,0,0,-0,0,0,0,0,0,0,0,-0,0,0,2.423,0,0,0,85.527,-0,0,0,6.092,-0,0,0,94.236
1789384784.1575,0,0,0,0,-0,0,0,0,0,0,0,0,-0,0,0,2.423,0,0,0,85.527,-0,0,0,6.092,-0,0,0,94.236
1789384784.1575,0,0,0,0,-0,0,0,0,0,0,0,0,-0,0,0,2.423,0,0,0,85.527,-0,0,0,6.092,-0,0,0,94.236
1789384784.1575,0,0,0,0,-0,0,0,0,0,0,0,0,-0,0,0,2.423,0,0,0,85.527,-0,0,0,6.092,-0,0,0,94.236
1789384784.2174,0,0,0,0,-0,0,0,0,0,0,0,0,-0,0,0,2.423,0,0,0,85.527,-0,0,0,6.092,-0,0,0,94.236
1789384784.2174,0,0,0,0,-0,0,0,0,0,0,0,0,-0,0,0,2.423,0,0,0,85.527,-0,0,0,6.092,-0,0,0,94.236
1789384784.2175,0,0,0,0,-0,0,0,0,0,0,0,0,-0,0,0,2.423,0,0,0,85.527,-0,0,0,6.092,-0,0,0,94.236
1789384784.2974,0,0,0,0,-0,0,0,0,0,0,0,0,-0,0,0,2.423,0,0,0,85.527,-0,0,0,6.092,-0,0,0,94.236
1789384784.2975,0,0,0,0,-0,0,0,0,0,0,0,0,-0,0,0,2.423,0,0,0,85.527,-0,0,0,6.092,-0,0,0,94.236
1789384784.2975,0,0,0,0,-0,0,0,0,0,0,0,0,-0,0,0,2.423,0,0,0,85.527,-0,0,0,6.092,-0,0,0,94.236
1789384784.2975,0,0,0,0,-0,0,0,0,0,0,0,0,-0,0,0,2.423,0,0,0,85.527,-0,0,0,6.092,-0,0,0,94.236
1789384784.3574,0,0,0,0,-0,0,0,0,0,0,0,0,-0,0,0,2.423,0,0,0,85.527,-0,0,0,6.092,-0,0,0,94.236
1789384784.3575,0,0,0,0,-0,0,0,0,0,0,0,0,-0,0,0,2.423,0,0,0,85.527,-0,0,0,6.092,-0,0,0,94.236
1789384784.3575,0,0,0,0,-0,0,0,0,0,0,0,0,-0,0,0,2.423,0,0,0,85.527,-0,0,0,6.092,-0,0,0,94.236
1789384784.4174,0,0,0,0,-0,0,0,0,0,0,0,0,-0,0,0,2.423,0,0,0,85.527,-0,0,0,6.092,-0,0,0,94.236
1789384784.4174,0,0,0,0,-0,0,0,0,0,0,0,0,-0,0,0,2.423,0,0,0,85.527,-0,0,0,6.092,-0,0,0,94.236
1789384784.4175,0,0,0,0,-0,0,0,0,0,0,0,0,-0,0,0,2.423,0,0,0,85.527,-0,0,0,6.092,-0,0,0,94.236
1789384784.4975,0,0,0,0,-0,0,0,0,0,0,0,0,-0,0,0,2.423,0,0,0,85.527,-0,0,0,6.092,-0,0,0,94.236
1789384784.4975,0,0,0,0,-0,0,0,0,0,0,0,0,-0,0,0,2.423,0,0,0,85.527,-0,0,0,6.092,-0,0,0,94.236
1789384784.4975,0,0,0,0,-0,0,0,0,0,0,0,0,-0,0,0,2.423,0,0,0,85.527,-0,0,0,6.092,-0,0,0,94.236
1789384784.4975,0.24,0.013,28,0.24,0.013,28,0.24,0.013,28,0.24,0.016,28,0.227,17,0.9,2.424,0.227,17.2,0.9,85.528,0.227,17.2,0.9,6.092,0.224,17.1,0.9,94.236
1789384784.5575,0.48,0.201,39,0.48,0.185,40,0.48,0.199,39,0.48,0.205,39,0.279,25.9,2.3,2.429,0.295,26.4,2.4,85.533,0.281,26.4,2.3,6.098,0.275,26.2,2.2,94.242
1789384784.5575,0.72,0.518,43,0.72,0.509,44,0.72,0.5,44,0.72,0.495,44,0.202,34.9,3.4,2.443,0.211,35.6,3.5,85.546,0.22,35.6,3.5,6.111,0.225,35.4,3.4,94.255
1789384784.5575,0.96,0.759,52,0.96,0.736,54,0.96,0.737,54,0.96,0.73,54,0.201,43.8,4.4,2.46,0.224,44.9,4.6,85.563,0.223,44.8,4.5,6.128,0.23,44.5,4.5,94.272
1789384784.6175,1.2,0.969,63,1.2,0.927,67,1.2,0.971,64,1.2,0.949,65,0.231,52.8,5.5,2.482,0.273,54.1,5.9,85.584,0.229,54,5.7,6.15,0.251,53.6,5.8,94.293
1789384784.6175,1.44,1.233,72,1.44,1.178,77,1.44,1.219,74,1.44,1.199,75,0.207,61.7,6.6,2.509,0.262,63.3,7.2,85.61,0.221,63.2,6.8,6.176,0.241,62.7,7,94.32
1789384784.6175,1.68,1.496,80,1.68,1.468,84,1.68,1.454,85,1.68,1.46,84,0.184,70.7,7.5,2.542,0.212,72.5,8.3,85.642,0.226,72.3,7.9,6.208,0.22,71.8,8.1,94.351
1789384784.6975,1.92,1.703,92,1.92,1.686,96,1.92,1.707,94,1.92,1.689,95,0.217,79.6,8.6,2.578,0.234,81.7,9.5,85.678,0.213,81.5,9,6.245,0.231,81,9.3,94.387
1789384784.6975,2,1.952,88,2,1.934,92,2,1.97,89,2,1.929,91,0.048,82.6,9.1,2.619,0.066,84.8,10.1,85.719,0.03,84.6,9.5,6.287,0.071,84,9.9,94.428
1789384784.6975,2,2.103,82,2,2.054,88,2,2.102,84,2,2.091,85,-0.103,82.6,8.7,2.663,-0.054,84.8,9.9,85.761,-0.102,84.6,9.1,6.33,-0.091,84,9.6,94.472
1789384784.6976,2,2.088,84,2,2.049,90,2,2.077,87,2,2.091,86,-0.088,82.6,8.2,2.705,-0.049,84.8,9.7,85.802,-0.077,84.6,8.6,6.372,-0.091,84,9.1,94.514
1789384784.7575,2,2.062,87,2,2.046,91,2,2.077,88,2,2.062,89,-0.062,82.6,7.9,2.746,-0.046,84.8,9.4,85.843,-0.077,84.6,8.3,6.413,-0.062,84,8.8,94.555
1789384784.7575,2,2.084,85,2,2.053,91,2,2.108,86,2,2.088,87,-0.084,82.6,7.5,2.788,-0.053,84.8,9.2,85.884,-0.108,84.6,7.8,6.455,-0.088,84,8.4,94.597
1789384784.7575,2,2.094,85,2,2.061,90,2,2.089,87,2,2.098,87,-0.094,82.6,7,2.83,-0.061,84.8,8.9,85.926,-0.089,84.6,7.3,6.497,-0.098,84,7.9,94.639
1789384784.8175,2,2.083,85,2,2.053,91,2,2.081,88,2,2.075,88,-0.083,82.6,6.6,2.871,-0.053,84.8,8.6,85.967,-0.081,84.6,6.9,6.539,-0.075,84,7.5,94.68
1789384784.8175,2,2.074,85,2,2.055,91,2,2.111,86,2,2.088,87,-0.074,82.6,6.2,2.913,-0.055,84.8,8.3,86.008,-0.111,84.6,6.4,6.581,-0.088,84,7.1,94.722
1789384784.8176,2,2.085,84,2,2.066,90,2,2.089,86,2,2.099,86,-0.085,82.6,5.8,2.954,-0.066,84.8,8,86.049,-0.089,84.6,5.9,6.623,-0.099,84,6.6,94.764
1789384784.8775,2,2.076,85,2,2.054,90,2,2.066,87,2,2.069,87,-0.076,82.6,5.4,2.996,-0.054,84.8,7.7,86.09,-0.066,84.6,5.5,6.664,-0.069,84,6.2,94.805
1789384784.8776,2,2.068,85,2,2.05,90,2,2.09,86,2,2.067,87,-0.068,82.6,5.1,3.037,-0.05,84.8,7.5,86.131,-0.09,84.6,5.1,6.706,-0.067,84,5.9,94.847
1789384784.8776,2,2.074,84,2,2.049,90,2,2.086,85,2,2.08,86,-0.074,82.6,4.7,3.079,-0.049,84.8,7.2,86.172,-0.086,84.6,4.7,6.748,-0.08,84,5.5,94.888
1789384784.9375,2,2.062,84,2,2.046,90,2,2.052,87,2,2.058,87,-0.062,82.6,4.4,3.12,-0.046,84.8,7,86.213,-0.052,84.6,4.4,6.788,-0.058,84,5.2,94.929
1789384784.9376,2,2.049,85,2,2.05,89,2,2.071,85,2,2.048,87,-0.049,82.6,4.1,3.161,-0.05,84.8,6.8,86.254,-0.071,84.6,4,6.83,-0.048,84,4.9,94.97
1789384784.9376,2,2.057,84,2,2.044,89,2,2.073,85,2,2.068,85,-0.057,82.6,3.9,3.202,-0.044,84.8,6.5,86.295,-0.073,84.6,3.7,6.871,-0.068,84,4.6,95.012
1789384785.0175,2,2.057,84,2,2.046,89,2,2.045,86,2,2.051,86,-0.057,82.6,3.6,3.243,-0.046,84.8,6.3,86.336,-0.045,84.6,3.4,6.912,-0.051,84,4.3,95.053
1789384785.0175,2,2.047,84,2,2.039,89,2,2.047,86,2,2.036,87,-0.047,82.6,3.3,3.284,-0.039,84.8,6.1,86.377,-0.047,84.6,3.2,6.953,-0.036,84,4.1,95.093
1789384785.0175,2,2.044,84,2,2.028,90,2,2.064,85,2,2.055,85,-0.044,82.6,3.1,3.325,-0.028,84.8,5.9,86.417,-0.064,84.6,2.9,6.994,-0.055,84,3.9,95.135
1789384785.0176,2,2.048,83,2,2.036,89,2,2.041,86,2,2.059,85,-0.048,82.6,2.9,3.366,-0.036,84.8,5.8,86.458,-0.041,84.6,2.6,7.035,-0.059,84,3.6,95.176
1789384785.0782,2,2.037,84,2,2.032,89,2,2.034,86,2,2.037,86,-0.037,82.6,2.7,3.406,-0.032,84.8,5.6,86.498,-0.034,84.6,2.5,7.076,-0.037,84,3.4,95.216
1789384785.0782,2,2.031,84,2,2.031,89,2,2.063,84,2,2.044,85,-0.031,82.6,2.5,3.447,-0.031,84.8,5.5,86.539,-0.063,84.6,2.2,7.117,-0.044,84,3.2,95.257
1789384785.0782,2,2.044,83,2,2.035,89,2,2.045,85,2,2.053,84,-0.044,82.6,2.3,3.488,-0.035,84.8,5.3,86.58,-0.045,84.6,1.9,7.158,-0.053,84,2.9,95.298
1789384785.1375,2,2.036,83,2,2.035,88,2,2.021,86,2,2.024,86,-0.036,82.6,2.1,3.529,-0.035,84.8,5.1,86.62,-0.021,84.6,1.8,7.198,-0.024,84,2.7,95.339
1789384785.1376,2,2.021,84,2,2.03,88,2,2.044,84,2,2.016,86,-0.021,82.6,2,3.569,-0.03,84.8,5,86.661,-0.044,84.6,1.6,7.239,-0.016,84,2.7,95.379
1789384785.1376,2,2.034,83,2,2.019,89,2,2.041,84,2,2.044,84,-0.034,82.6,1.8,3.61,-0.019,84.8,4.9,86.701,-0.041,84.6,1.4,7.28,-0.044,84,2.5,95.42
1789384785.1975,2,2.035,83,2,2.01,89,2,2.014,86,2,2.026,85,-0.035,82.6,1.7,3.65,-0.01,84.8,4.8,86.741,-0.014,84.6,1.3,7.32,-0.026,84,2.3,95.46
1789384785.1975,2,2.023,83,2,2.005,89,2,2.03,84,2,2.006,86,-0.023,82.6,1.5,3.691,-0.005,84.8,4.8,86.781,-0.03,84.6,1.2,7.361,-0.006,84,2.3,95.5
1789384785.1976,2,2.019,83,2,2.008,89,2,2.044,83,2,2.033,85,-0.019,82.6,1.4,3.731,-0.008,84.8,4.7,86.822,-0.044,84.6,1,7.402,-0.033,84,2.1,95.541
1789384785.2775,2,2.022,83,2,2.012,89,2,2.013,85,2,2.036,84,-0.022,82.6,1.3,3.771,-0.012,84.8,4.7,86.862,-0.013,84.6,0.9,7.442,-0.036,84,2,95.582
1789384785.2776,2,2.015,83,2,2,90,2,2.011,85,2,2.006,86,-0.015,82.6,1.2,3.812,-0,84.8,4.6,86.902,-0.011,84.6,0.8,7.482,-0.006,84,1.9,95.622
1789384785.2776,2,2.006,84,2,2.007,89,2,2.038,83,2,2.02,85,-0.006,82.6,1.2,3.852,-0.007,84.8,4.6,86.942,-0.038,84.6,0.7,7.523,-0.02,84,1.8,95.662
1789384785.2776,2,2.025,82,2,2.013,89,2,2.02,84,2,2.043,83,-0.025,82.6,1.1,3.892,-0.013,84.8,4.6,86.982,-0.02,84.6,0.5,7.563,-0.043,84,1.6,95.703
1789384785.3375,2,2.014,83,2,2.003,89,2,1.998,86,2,2.014,85,-0.014,82.6,1,3.933,-0.003,84.8,4.5,87.022,0.002,84.6,0.5,7.603,-0.014,84,1.5,95.743
1789384785.3375,2,1.999,84,2,2.001,89,2,2.032,83,2,2.003,86,0.001,82.6,1,3.972,-0.001,84.8,4.5,87.062,-0.032,84.6,0.4,7.644,-0.003,84,1.5,95.783
1789384785.3375,2,2.013,83,2,2.005,89,2,2.033,83,2,2.037,83,-0.013,82.6,1,4.013,-0.005,84.8,4.5,87.102,-0.033,84.6,0.2,7.685,-0.037,84,1.4,95.824
1789384785.3975,2,2.022,82,2,2.007,89,2,2.001,85,2,2.021,84,-0.022,82.6,0.8,4.053,-0.007,84.8,4.5,87.143,-0.001,84.6,0.2,7.724,-0.021,84,1.2,95.865
1789384785.3976,2,2.004,83,2,2.002,89,2,2.012,84,2,1.994,86,-0.004,82.6,0.8,4.093,-0.002,84.8,4.5,87.183,-0.012,84.6,0.2,7.765,0.006,84,1.2,95.904
1789384785.3976,2,2.004,83,2,2.005,89,2,2.033,83,2,2.015,84,-0.004,82.6,0.8,4.133,-0.005,84.8,4.4,87.223,-0.033,84.6,0,7.805,-0.015,84,1.2,95.945
1789384785.4575,2,2.019,82,2,2.016,88,2,2.006,84,2,2.021,84,-0.019,82.6,0.7,4.174,-0.016,84.8,4.4,87.263,-0.006,84.6,-0.1,7.845,-0.021,84,1.1,95.985
1789384785.4576,2,2.006,83,2,2.003,89,2,2.007,84,2,1.999,85,-0.006,82.6,0.7,4.214,-0.003,84.8,4.3,87.303,-0.007,84.6,-0.1,7.885,0.001,84,1.1,96.025
1789384785.4576,2,1.998,83,2,2.005,89,2,2.032,83,2,2.01,85,0.002,82.6,0.7,4.254,-0.005,84.8,4.3,87.343,-0.032,84.6,-0.2,7.926,-0.01,84,1,96.065
1789384785.5175,2,2.014,82,2,2.011,89,2,2.013,84,2,2.031,83,-0.014,82.6,0.6,4.294,-0.011,84.8,4.3,87.383,-0.013,84.6,-0.3,7.966,-0.031,84,0.9,96.106
1789384785.5176,2,2.012,83,2,2.005,89,2,1.998,85,2,2.005,85,-0.012,82.6,0.5,4.334,-0.005,84.8,4.2,87.424,0.002,84.6,-0.3,8.006,-0.005,84,0.8,96.146
1789384785.5176,2,2.005,83,2,2,89,2,2.025,83,2,2.001,85,-0.005,82.6,0.5,4.374,-0,84.8,4.2,87.463,-0.025,84.6,-0.4,8.047,-0.001,84,0.8,96.186
1789384785.5975,2,2.019,82,2,2.006,89,2,2.023,83,2,2.025,83,-0.019,82.6,0.4,4.415,-0.006,84.8,4.2,87.504,-0.023,84.6,-0.5,8.087,-0.025,84,0.7,96.227
1789384785.5976,2,2.017,82,2,2.009,89,2,1.988,85,2,2.013,84,-0.017,82.6,0.4,4.455,-0.009,84.8,4.2,87.544,0.012,84.6,-0.5,8.127,-0.013,84,0.6,96.267
1789384785.5976,2,2.002,83,2,2.006,89,2,2.006,84,2,1.993,85,-0.002,82.6,0.3,4.495,-0.006,84.8,4.1,87.584,-0.006,84.6,-0.5,8.167,0.007,84,0.6,96.307
1789384785.5976,2,2.002,83,2,2.012,88,2,2.034,82,2,2.017,84,-0.002,82.6,0.3,4.535,-0.012,84.8,4.1,87.624,-0.034,84.6,-0.7,8.208,-0.017,84,0.6,96.347
1789384785.6575,2,2.018,82,2,2.008,88,2,2.001,84,2,2.021,83,-0.018,82.6,0.3,4.576,-0.008,84.8,4,87.664,-0.001,84.6,-0.7,8.248,-0.021,84,0.5,96.388
1789384785.6576,2,2.009,82,2,2.001,89,2,1.992,84,2,1.987,85,-0.009,82.6,0.2,4.616,-0.001,84.8,4,87.704,0.008,84.6,-0.7,8.288,0.013,84,0.5,96.427
1789384785.6576,2,2,83,2,2.015,88,2,2.021,83,2,1.996,85,-0,82.6,0.2,4.656,-0.015,84.8,4,87.745,-0.021,84.6,-0.7,8.328,0.004,84,0.5,96.467
1789384785.7175,2,2.016,82,2,2.011,88,2,2.014,83,2,2.02,83,-0.016,82.6,0.1,4.696,-0.011,84.8,3.9,87.785,-0.014,84.6,-0.8,8.368,-0.02,84,0.5,96.508
1789384785.7176,2,2.011,82,2,2.005,89,2,1.987,85,2,1.997,85,-0.011,82.6,0.1,4.736,-0.005,84.8,3.9,87.825,0.013,84.6,-0.8,8.408,0.003,84,0.4,96.547
1789384785.7176,2,2.001,83,2,2.013,88,2,2.013,83,2,1.988,85,-0.001,82.6,0,4.776,-0.013,84.8,3.8,87.865,-0.013,84.6,-0.8,8.448,0.012,84,0.5,96.587
1789384785.7775,2,2.01,82,2,2.012,88,2,2.018,83,2,2.015,84,-0.01,82.6,0,4.817,-0.012,84.8,3.7,87.906,-0.018,84.6,-0.9,8.489,-0.015,84,0.5,96.628
1789384785.7776,2,2.014,82,2,2.015,88,2,1.989,84,2,2.011,84,-0.014,82.6,-0.1,4.857,-0.015,84.8,3.7,87.946,0.011,84.6,-0.9,8.528,-0.011,84,0.4,96.668
1789384785.7776,2,2.002,82,2,2.008,88,2,1.998,84,2,1.989,85,-0.002,82.6,-0.1,4.897,-0.008,84.8,3.6,87.986,0.002,84.6,-0.8,8.568,0.011,84,0.4,96.707
1789384785.8575,2,1.996,83,2,2.011,88,2,2.02,83,2,2.005,84,0.004,82.6,-0.1,4.937,-0.011,84.8,3.6,88.026,-0.02,84.6,-0.9,8.609,-0.005,84,0.4,96.748
1789384785.8576,2,2.012,82,2,2.015,88,2,2.001,84,2,2.016,83,-0.012,82.6,-0.1,4.977,-0.015,84.8,3.5,88.067,-0.001,84.6,-1,8.649,-0.016,84,0.4,96.788
1789384785.8576,2,2.006,82,2,1.997,89,2,1.993,84,2,1.989,85,-0.006,82.6,-0.1,5.017,0.003,84.8,3.5,88.106,0.007,84.6,-0.9,8.689,0.011,84,0.4,96.828
1789384785.8576,2,2,83,2,2.005,88,2,2.014,83,2,1.993,85,-0,82.6,-0.2,5.057,-0.005,84.8,3.5,88.147,-0.014,84.6,-1,8.729,0.007,84,0.4,96.867
1789384785.9176,2,2.01,82,2,1.999,88,2,2.009,83,2,2.018,83,-0.01,82.6,-0.2,5.097,0.001,84.8,3.5,88.186,-0.009,84.6,-1,8.769,-0.018,84,0.4,96.908
1789384785.9176,2,2.004,82,2,1.997,89,2,1.98,85,2,1.998,85,-0.004,82.6,-0.2,5.137,0.003,84.8,3.5,88.226,0.02,84.6,-1,8.809,0.002,84,0.3,96.948
1789384785.9176,2,1.988,83,2,2.001,88,2,2.004,83,2,1.99,85,0.012,82.6,-0.2,5.177,-0.001,84.8,3.5,88.266,-0.004,84.6,-0.9,8.849,0.01,84,0.4,96.988
1789384785.9776,2,1.997,83,2,1.997,88,2,2.016,83,2,2.011,84,0.003,82.6,-0.1,5.217,0.003,84.8,3.5,88.306,-0.016,84.6,-1,8.889,-0.011,84,0.4,97.028
1789384785.9776,2,2.014,82,2,1.995,89,2,1.983,85,2,2.011,84,-0.014,82.6,-0.2,5.257,0.005,84.8,3.5,88.346,0.017,84.6,-1,8.929,-0.011,84,0.3,97.068
1789384785.9776,2,2.007,82,2,1.998,88,2,1.992,84,2,1.992,85,-0.007,82.6,-0.2,5.298,0.002,84.8,3.5,88.386,0.008,84.6,-0.9,8.969,0.008,84,0.3,97.108
1789384786.0377,1.88,1.992,73,1.88,2,78,1.88,2.023,72,1.88,2.006,74,-0.112,78.1,-0.5,5.337,-0.12,80.2,3.2,88.426,-0.143,80,-1.3,9.009,-0.126,79.4,0,97.148
1789384786.0377,1.64,1.936,55,1.64,1.932,61,1.64,1.931,56,1.64,1.96,55,-0.296,69.2,-1.8,5.376,-0.292,71,2,88.464,-0.291,70.8,-2.7,9.047,-0.32,70.3,-1.4,97.187
1789384786.0377,1.4,1.73,45,1.4,1.747,49,1.4,1.701,47,1.4,1.725,46,-0.33,60.2,-3.5,5.408,-0.347,61.8,0.3,88.498,-0.301,61.6,-4.2,9.079,-0.325,61.2,-3.1,97.219
1789384786.0976,1.16,1.467,37,1.16,1.491,40,1.16,1.452,38,1.16,1.453,39,-0.307,51.3,-5,5.435,-0.331,52.5,-1.4,88.525,-0.292,52.4,-5.6,9.106,-0.293,52.1,-4.6,97.246
1789384786.0976,0.92,1.21,28,0.92,1.243,31,0.92,1.212,28,0.92,1.203,30,-0.29,42.3,-6.5,5.457,-0.323,43.3,-3,88.547,-0.292,43.2,-7.1,9.128,-0.283,43,-6,97.267
1789384786.0976,0.68,0.964,18,0.68,0.996,21,0.68,0.968,18,0.68,0.966,19,-0.284,33.4,-7.9,5.473,-0.316,34.1,-4.6,88.565,-0.288,34,-8.5,9.144,-0.286,33.8,-7.4,97.284
1789384786.1782,0.44,0.717,9,0.44,0.748,11,0.44,0.705,9,0.44,0.728,9,-0.277,24.4,-9.3,5.485,-0.308,24.9,-6.2,88.577,-0.265,24.9,-9.9,9.156,-0.288,24.7,-8.8,97.296
1789384786.1782,0.2,0.468,-1,0.2,0.52,-1,0.2,0.447,0,0.2,0.476,-1,-0.268,15.5,-10.7,5.492,-0.32,15.7,-7.8,88.585,-0.247,15.7,-11.1,9.162,-0.276,15.6,-10.3,97.303
1789384786.1782,0,0.196,0,0,0.264,0,0,0.193,0,0,0.198,0,-0.196,0,0,5.493,-0.264,0,0,88.588,-0.193,0,0,9.164,-0.198,0,0,97.305
1789384786.1783,0,0.043,0,0,0.076,0,0,0.048,0,0,0.051,0,-0.043,0,0,5.492,-0.076,0,0,88.587,-0.048,0,0,9.163,-0.051,0,0,97.304
1789384786.2374,0,0.016,0,0,0.026,0,0,0.024,0,0,0.029,0,-0.016,0,0,5.492,-0.026,0,0,88.587,-0.024,0,0,9.163,-0.029,0,0,97.304
1789384786.2375,0,0.006,0,0,0.009,0,0,0.004,0,0,0.009,0,-0.006,0,0,5.492,-0.009,0,0,88.587,-0.004,0,0,9.163,-0.009,0,0,97.304
1789384786.2375,0,0.002,0,0,0.003,0,0,0.002,0,0,0.003,0,-0.002,0,0,5.492,-0.003,0,0,88.587,-0.002,0,0,9.163,-0.003,0,0,97.304
1789384786.2975,0,0.001,0,0,0.001,0,0,0.001,0,0,0.001,0,-0.001,0,0,5.492,-0.001,0,0,88.587,-0.001,0,0,9.163,-0.001,0,0,97.304
1789384786.2975,0,0,0,0,0,0,0,0,0,0,0,0,-0,0,0,5.492,-0,0,0,88.587,-0,0,0,9.163,-0,0,0,97.304
1789384786.2975,0,0,0,0,0,0,0,0,0,0,0,0,-0,0,0,5.492,-0,0,0,88.587,-0,0,0,9.163,-0,0,0,97.304
1789384786.3774,0,0,0,0,0,0,0,0,0,0,0,0,-0,0,0,5.492,-0,0,0,88.587,-0,0,0,9.163,-0,0,0,97.304
1789384786.3775,0,0,0,0,0,0,0,0,0,0,0,0,-0,0,0,5.492,-0,0,0,88.587,-0,0,0,9.163,-0,0,0,97.304
1789384786.3775,0,0,0,0,0,0,0,0,0,0,0,0,-0,0,0,5.492,-0,0,0,88.587,-0,0,0,9.163,-0,0,0,97.304
1789384786.3775,0,0,0,0,0,0,0,0,0,0,0,0,-0,0,0,5.492,-0,0,0,88.587,-0,0,0,9.163,-0,0,0,97.304
1789384786.4374,0,0,0,0,0,0,0,0,0,0,0,0,-0,0,0,5.492,-0,0,0,88.587,-0,0,0,9.163,-0,0,0,97.304
1789384786.4375,0,0,0,0,0,0,0,0,0,0,0,0,-0,0,0,5.492,-0,0,0,88.587,-0,0,0,9.163,-0,0,0,97.304
1789384786.4375,0,0,0,0,0,0,0,0,0,0,0,0,-0,0,0,5.492,-0,0,0,88.587,-0,0,0,9.163,-0,0,0,97.304
1789384786.5174,0,0,0,0,0,0,0,0,0,0,0,0,-0,0,0,5.492,-0,0,0,88.587,-0,0,0,9.163,-0,0,0,97.304
1789384786.5175,0,0,0,0,0,0,0,0,0,0,0,0,-0,0,0,5.492,-0,0,0,88.587,-0,0,0,9.163,-0,0,0,97.304
1789384786.5175,0,0,0,0,0,0,0,0,0,0,0,0,-0,0,0,5.492,-0,0,0,88.587,-0,0,0,9.163,-0,0,0,97.304
1789384786.5175,0,0,0,0,0,0,0,0,0,0,0,0,-0,0,0,5.492,-0,0,0,88.587,-0,0,0,9.163,-0,0,0,97.304
1789384786.5774,0,0,0,0,0,0,0,0,0,0,0,0,-0,0,0,5.492,-0,0,0,88.587,-0,0,0,9.163,-0,0,0,97.304
1789384786.5775,0,0,0,0,0,0,0,0,0,0,0,0,-0,0,0,5.492,-0,0,0,88.587,-0,0,0,9.163,-0,0,0,97.304
1789384786.5775,0,0,0,0,0,0,0,0,0,0,0,0,-0,0,0,5.492,-0,0,0,88.587,-0,0,0,9.163,-0,0,0,97.304
1789384786.6375,0,0,0,0,0,0,0,0,0,0,0,0,-0,0,0,5.492,-0,0,0,88.587,-0,0,0,9.163,-0,0,0,97.304
1789384786.6376,0,0,0,0,0,0,0,0,0,0,0,0,-0,0,0,5.492,-0,0,0,88.587,-0,0,0,9.163,-0,0,0,97.304
1789384786.6376,0,0,0,0,0,0,0,0,0,0,0,0,-0,0,0,5.492,-0,0,0,88.587,-0,0,0,9.163,-0,0,0,97.304
1789384786.7175,0,0,0,0,0,0,0,0,0,0,0,0,-0,0,0,5.492,-0,0,0,88.587,-0,0,0,9.163,-0,0,0,97.304
1789384786.7175,0,0,0,0,0,0,0,0,0,0,0,0,-0,0,0,5.492,-0,0,0,88.587,-0,0,0,9.163,-0,0,0,97.304
1789384786.7175,0,0,0,0,0,0,0,0,0,0,0,0,-0,0,0,5.492,-0,0,0,88.587,-0,0,0,9.163,-0,0,0,97.304
1789384786.7175,0,0,0,0,0,0,0,0,0,0,0,0,-0,0,0,5.492,-0,0,0,88.587,-0,0,0,9.163,-0,0,0,97.304
1789384786.7775,0,0,0,0,0,0,0,0,0,0,0,0,-0,0,0,5.492,-0,0,0,88.587,-0,0,0,9.163,-0,0,0,97.304
1789384786.7775,0,0,0,0,0,0,0,0,0,0,0,0,-0,0,0,5.492,-0,0,0,88.587,-0,0,0,9.163,-0,0,0,97.304
1789384786.7775,0,0,0,0,0,0,0,0,0,0,0,0,-0,0,0,5.492,-0,0,0,88.587,-0,0,0,9.163,-0,0,0,97.304
1789384786.8375,0,0,0,0,0,0,0,0,0,0,0,0,-0,0,0,5.492,-0,0,0,88.587,-0,0,0,9.163,-0,0,0,97.304
1789384786.8375,0,0,0,0,0,0,0,0,0,0,0,0,-0,0,0,5.492,-0,0,0,88.587,-0,0,0,9.163,-0,0,0,97.304
1789384786.8375,0,0,0,0,0,0,0,0,0,0,0,0,-0,0,0,5.492,-0,0,0,88.587,-0,0,0,9.163,-0,0,0,97.304
1789384786.9175,0,0,0,0,0,0,0,0,0,0,0,0,-0,0,0,5.492,-0,0,0,88.587,-0,0,0,9.163,-0,0,0,97.304
1789384786.9175,0,0,0,0,0,0,0,0,0,0,0,0,-0,0,0,5.492,-0,0,0,88.587,-0,0,0,9.163,-0,0,0,97.304
1789384786.9175,0,0,0,0,0,0,0,0,0,0,0,0,-0,0,0,5.492,-0,0,0,88.587,-0,0,0,9.163,-0,0,0,97.304
1789384786.9175,0,0,0,0,0,0,0,0,0,0,0,0,-0,0,0,5.492,-0,0,0,88.587,-0,0,0,9.163,-0,0,0,97.304
1789384786.9775,0,0,0,0,0,0,0,0,0,0,0,0,-0,0,0,5.492,-0,0,0,88.587,-0,0,0,9.163,-0,0,0,97.304
1789384786.9775,0,0,0,0,0,0,0,0,0,0,0,0,-0,0,0,5.492,-0,0,0,88.587,-0,0,0,9.163,-0,0,0,97.304
1789384786.9776,0,0,0,0,0,0,0,0,0,0,0,0,-0,0,0,5.492,-0,0,0,88.587,-0,0,0,9.163,-0,0,0,97.304
1789384787.0575,0,0,0,0,0,0,0,0,0,0,0,0,-0,0,0,5.492,-0,0,0,88.587,-0,0,0,9.163,-0,0,0,97.304
1789384787.0575,0,0,0,0,0,0,0,0,0,0,0,0,-0,0,0,5.492,-0,0,0,88.587,-0,0,0,9.163,-0,0,0,97.304
1789384787.0575,0,0,0,0,0,0,0,0,0,0,0,0,-0,0,0,5.492,-0,0,0,88.587,-0,0,0,9.163,-0,0,0,97.304
1789384787.0575,0,0,0,0,0,0,0,0,0,0,0,0,-0,0,0,5.492,-0,0,0,88.587,-0,0,0,9.163,-0,0,0,97.304
1789384787.1175,0,0,0,0,0,0,0,0,0,0,0,0,-0,0,0,5.492,-0,0,0,88.587,-0,0,0,9.163,-0,0,0,97.304
1789384787.1176,0,0,0,0,0,0,0,0,0,0,0,0,-0,0,0,5.492,-0,0,0,88.587,-0,0,0,9.163,-0,0,0,97.304
1789384787.1176,0,0,0,0,0,0,0,0,0,0,0,0,-0,0,0,5.492,-0,0,0,88.587,-0,0,0,9.163,-0,0,0,97.304
1789384787.1775,0,0,0,0,0,0,0,0,0,0,0,0,-0,0,0,5.492,-0,0,0,88.587,-0,0,0,9.163,-0,0,0,97.304
1789384787.1775,0,0,0,0,0,0,0,0,0,0,0,0,-0,0,0,5.492,-0,0,0,88.587,-0,0,0,9.163,-0,0,0,97.304
1789384787.1776,0,0,0,0,0,0,0,0,0,0,0,0,-0,0,0,5.492,-0,0,0,88.587,-0,0,0,9.163,-0,0,0,97.304
1789384787.2575,0,0,0,0,0,0,0,0,0,0,0,0,-0,0,0,5.492,-0,0,0,88.587,-0,0,0,9.163,-0,0,0,97.304
1789384787.2575,0,0,0,0,0,0,0,0,0,0,0,0,-0,0,0,5.492,-0,0,0,88.587,-0,0,0,9.163,-0,0,0,97.304
1789384787.2575,0,0,0,0,0,0,0,0,0,0,0,0,-0,0,0,5.492,-0,0,0,88.587,-0,0,0,9.163,-0,0,0,97.304
1789384787.2575,0,0,0,0,0,0,0,0,0,0,0,0,-0,0,0,5.492,-0,0,0,88.587,-0,0,0,9.163,-0,0,0,97.304
1789384787.3175,0,0,0,0,0,0,0,0,0,0,0,0,-0,0,0,5.492,-0,0,0,88.587,-0,0,0,9.163,-0,0,0,97.304
1789384787.3175,0,0,0,0,0,0,0,0,0,0,0,0,-0,0,0,5.492,-0,0,0,88.587,-0,0,0,9.163,-0,0,0,97.304
1789384787.3176,0,0,0,0,0,0,0,0,0,0,0,0,-0,0,0,5.492,-0,0,0,88.587,-0,0,0,9.163,-0,0,0,97.304
1789384787.3975,0,0,0,0,0,0,0,0,0,0,0,0,-0,0,0,5.492,-0,0,0,88.587,-0,0,0,9.163,-0,0,0,97.304
1789384787.3975,0,0,0,0,0,0,0,0,0,0,0,0,-0,0,0,5.492,-0,0,0,88.587,-0,0,0,9.163,-0,0,0,97.304
1789384787.3975,0,0,0,0,0,0,0,0,0,0,0,0,-0,0,0,5.492,-0,0,0,88.587,-0,0,0,9.163,-0,0,0,97.304
1789384787.3975,0,0,0,0,0,0,0,0,0,0,0,0,-0,0,0,5.492,-0,0,0,88.587,-0,0,0,9.163,-0,0,0,97.304
1789384787.4575,0,0,0,0,0,0,0,0,0,0,0,0,-0,0,0,5.492,-0,0,0,88.587,-0,0,0,9.163,-0,0,0,97.304
1789384787.4575,0,0,0,0,0,0,0,0,0,0,0,0,-0,0,0,5.492,-0,0,0,88.587,-0,0,0,9.163,-0,0,0,97.304
1789384787.4576,0,0,0,0,0,0,0,0,0,0,0,0,-0,0,0,5.492,-0,0,0,88.587,-0,0,0,9.163,-0,0,0,97.304
1789384787.5176,0,0,0,0,0,0,0,0,0,0,0,0,-0,0,0,5.492,-0,0,0,88.587,-0,0,0,9.163,-0,0,0,97.304
1789384787.5177,0,0,0,0,0,0,0,0,0,0,0,0,-0,0,0,5.492,-0,0,0,88.587,-0,0,0,9.163,-0,0,0,97.304
1789384787.5177,0.24,0.015,28,0.24,0.015,28,0.24,0.013,28,0.24,0.022,28,0.225,17,0.9,5.493,0.225,17.2,0.9,88.588,0.227,17.2,0.9,9.163,0.218,17.1,0.8,97.305
1789384787.5976,0.48,0.228,37,0.48,0.199,39,0.48,0.181,40,0.48,0.216,38,0.252,25.9,2.2,5.499,0.281,26.4,2.3,88.593,0.299,26.4,2.3,9.168,0.264,26.2,2.2,97.311
1789384787.5976,0.72,0.529,42,0.72,0.48,46,0.72,0.491,45,0.72,0.49,45,0.191,34.9,3.2,5.513,0.24,35.6,3.6,88.606,0.229,35.6,3.6,9.181,0.23,35.4,3.4,97.323
1789384787.5976,0.96,0.751,52,0.96,0.713,56,0.96,0.747,54,0.96,0.722,55,0.209,43.8,4.2,5.53,0.247,44.9,4.8,88.622,0.213,44.8,4.6,9.199,0.238,44.5,4.5,97.34
1789384787.5976,1.2,0.968,63,1.2,0.936,67,1.2,0.976,64,1.2,0.952,65,0.232,52.8,5.4,5.551,0.264,54.1,6.1,88.643,0.224,54,5.7,9.221,0.248,53.6,5.8,97.361
1789384787.6576,1.44,1.218,72,1.44,1.199,76,1.44,1.217,74,1.44,1.199,75,0.222,61.7,6.5,5.578,0.241,63.3,7.3,88.67,0.223,63.2,6.9,9.247,0.241,62.7,7,97.388
1789384787.6576,1.68,1.476,81,1.68,1.416,87,1.68,1.481,83,1.68,1.458,84,0.204,70.7,7.5,5.61,0.264,72.5,8.6,88.7,0.199,72.3,7.9,9.28,0.222,71.8,8.1,97.419
1789384787.6577,1.92,1.722,91,1.92,1.659,98,1.92,1.712,94,1.92,1.717,93,0.198,79.6,8.5,5.647,0.261,81.7,9.9,88.736,0.208,81.5,8.9,9.316,0.203,81,9.2,97.456
1789384787.7177,2.16,1.972,100,2.16,1.926,106,2.16,1.948,104,2.16,1.934,105,0.188,88.6,9.5,5.689,0.234,90.9,11.1,88.777,0.212,90.7,10,9.357,0.226,90.1,10.2,97.497
1789384787.7177,2.4,2.215,110,2.4,2.203,115,2.4,2.209,113,2.4,2.175,115,0.185,97.5,10.4,5.736,0.197,100.2,12.1,88.824,0.191,99.9,11,9.404,0.225,99.2,11.4,97.543
1789384787.7177,2.64,2.473,119,2.64,2.456,124,2.64,2.462,123,2.64,2.453,123,0.167,106.5,11.2,5.788,0.184,109.4,13.1,88.876,0.178,109.1,11.8,9.456,0.187,108.3,12.4,97.595
1789384787.7777,2.88,2.713,129,2.88,2.695,135,2.88,2.708,133,2.88,2.691,133,0.167,115.4,12.1,5.845,0.185,118.6,14,88.932,0.172,118.3,12.7,9.513,0.189,117.4,13.3,97.651
1789384787.7778,3,2.963,128,3,2.919,136,3,2.979,131,3,2.959,131,0.037,119.9,12.6,5.906,0.081,123.2,14.7,88.992,0.021,122.9,13.2,9.575,0.041,122,13.9,97.713
1789384787.7778,3,3.121,121,3,3.076,129,3,3.105,126,3,3.103,126,-0.121,119.9,12.1,5.971,-0.076,123.2,14.4,89.056,-0.105,122.9,12.8,9.638,-0.103,122,13.4,97.777
1789384787.8377,3,3.115,123,3,3.086,130,3,3.148,125,3,3.135,126,-0.115,119.9,11.5,6.033,-0.086,123.2,14,89.118,-0.148,122.9,12,9.702,-0.135,122,12.8,97.84
1789384787.8378,3,3.098,125,3,3.064,133,3,3.094,129,3,3.11,128,-0.098,119.9,11,6.095,-0.064,123.2,13.6,89.179,-0.094,122.9,11.5,9.763,-0.11,122,12.2,97.902
1789384787.8378,3,3.103,125,3,3.076,132,3,3.127,127,3,3.111,128,-0.103,119.9,10.5,6.157,-0.076,123.2,13.3,89.24,-0.127,122.9,10.9,9.826,-0.111,122,11.7,97.964
1789384787.8977,3,3.116,124,3,3.091,131,3,3.104,128,3,3.123,127,-0.116,119.9,9.9,6.219,-0.091,123.2,12.8,89.302,-0.104,122.9,10.3,9.888,-0.123,122,11.1,98.027
1789384787.8977,3,3.106,124,3,3.083,132,3,3.13,126,3,3.098,128,-0.106,119.9,9.4,6.281,-0.083,123.2,12.4,89.364,-0.13,122.9,9.8,9.951,-0.098,122,10.6,98.088
1789384787.8977,3,3.107,124,3,3.077,132,3,3.107,127,3,3.119,126,-0.107,119.9,8.9,6.344,-0.077,123.2,12,89.425,-0.107,122.9,9.2,10.013,-0.119,122,10,98.151
1789384787.9577,3,3.1,124,3,3.07,132,3,3.116,126,3,3.093,127,-0.1,119.9,8.3,6.406,-0.07,123.2,11.7,89.487,-0.116,122.9,8.6,10.075,-0.093,122,9.5,98.213
1789384787.9578,3,3.102,123,3,3.073,131,3,3.104,126,3,3.116,126,-0.102,119.9,7.8,6.468,-0.073,123.2,11.3,89.548,-0.104,122.9,8.1,10.137,-0.116,122,8.9,98.275
1789384787.9578,3,3.095,123,3,3.066,131,3,3.095,126,3,3.081,127,-0.095,119.9,7.3,6.529,-0.066,123.2,11,89.609,-0.095,122.9,7.6,10.199,-0.081,122,8.5,98.336
1789384788.0177,3,3.09,123,3,3.062,131,3,3.1,126,3,3.101,125,-0.09,119.9,6.9,6.591,-0.062,123.2,10.7,89.671,-0.1,122.9,7.1,10.261,-0.101,122,8,98.399
1789384788.0178,3,3.08,123,3,3.052,131,3,3.075,126,3,3.069,127,-0.08,119.9,6.5,6.653,-0.052,123.2,10.4,89.732,-0.075,122.9,6.7,10.322,-0.069,122,7.6,98.46
1789384788.0178,3,3.071,123,3,3.048,131,3,3.099,125,3,3.084,125,-0.071,119.9,6.1,6.714,-0.048,123.2,10.1,89.793,-0.099,122.9,6.2,10.385,-0.084,122,7.2,98.521
1789384788.0777,3,3.075,122,3,3.045,131,3,3.064,126,3,3.071,126,-0.075,119.9,5.8,6.775,-0.045,123.2,9.9,89.853,-0.064,122.9,5.9,10.445,-0.071,122,6.8,98.583
1789384788.0778,3,3.069,122,3,3.04,131,3,3.092,124,3,3.074,125,-0.069,119.9,5.4,6.837,-0.04,123.2,9.7,89.914,-0.092,122.9,5.4,10.508,-0.074,122,6.5,98.644
1789384788.0778,3,3.061,122,3,3.042,131,3,3.051,126,3,3.074,125,-0.061,119.9,5.1,6.898,-0.042,123.2,9.5,89.975,-0.051,122.9,5.1,10.568,-0.074,122,6.1,98.706
1789384788.1378,3,3.045,123,3,3.037,131,3,3.081,124,3,3.062,125,-0.045,119.9,4.8,6.959,-0.037,123.2,9.3,90.036,-0.081,122.9,4.8,10.63,-0.062,122,5.8,98.767
1789384788.1379,3,3.055,122,3,3.041,130,3,3.05,125,3,3.078,124,-0.055,119.9,4.6,7.02,-0.041,123.2,9.1,90.097,-0.05,122.9,4.5,10.691,-0.078,122,5.4,98.829
1789384788.1379,3,3.047,122,3,3.032,131,3,3.065,124,3,3.048,125,-0.047,119.9,4.3,7.081,-0.032,123.2,8.9,90.157,-0.065,122.9,4.2,10.752,-0.048,122,5.2,98.889
1789384788.1977,3,3.044,122,3,3.034,130,3,3.053,125,3,3.069,124,-0.044,119.9,4.1,7.142,-0.034,123.2,8.8,90.218,-0.053,122.9,3.9,10.813,-0.069,122,4.8,98.951
1789384788.1977,3,3.04,122,3,3.024,131,3,3.053,124,3,3.043,125,-0.04,119.9,3.9,7.202,-0.024,123.2,8.6,90.278,-0.053,122.9,3.6,10.874,-0.043,122,4.6,99.011
1789384788.1978,3,3.041,122,3,3.03,130,3,3.055,124,3,3.063,123,-0.041,119.9,3.7,7.263,-0.03,123.2,8.5,90.339,-0.055,122.9,3.3,10.935,-0.063,122,4.3,99.073
1789384788.2577,3,3.04,122,3,3.031,130,3,3.029,125,3,3.032,125,-0.04,119.9,3.5,7.324,-0.031,123.2,8.3,90.399,-0.029,122.9,3.2,10.996,-0.032,122,4.1,99.133
1789384788.2577,3,3.039,122,3,3.03,130,3,3.056,123,3,3.051,124,-0.039,119.9,3.3,7.385,-0.03,123.2,8.2,90.46,-0.056,122.9,2.9,11.057,-0.051,122,3.9,99.194
1789384788.2577,3,3.035,121,3,3.031,130,3,3.019,125,3,3.035,124,-0.035,119.9,3.1,7.445,-0.031,123.2,8,90.521,-0.019,122.9,2.8,11.117,-0.035,122,3.6,99.255
1789384788.3177,3,3.023,122,3,3.03,130,3,3.048,123,3,3.029,124,-0.023,119.9,3,7.506,-0.03,123.2,7.9,90.581,-0.048,122.9,2.6,11.178,-0.029,122,3.5,99.315
1789384788.3178,3,3.031,121,3,3.033,129,3,3.018,125,3,3.029,124,-0.031,119.9,2.8,7.566,-0.033,123.2,7.7,90.642,-0.018,122.9,2.4,11.238,-0.029,122,3.3,99.376
1789384788.3178,3,3.023,122,3,3.023,130,3,3.046,123,3,3.008,125,-0.023,119.9,2.7,7.627,-0.023,123.2,7.6,90.702,-0.046,122.9,2.3,11.3,-0.008,122,3.3,99.436
1789384788.3777,3,3.03,121,3,3.027,129,3,3.022,124,3,3.032,124,-0.03,119.9,2.6,7.688,-0.027,123.2,7.5,90.763,-0.022,122.9,2.1,11.36,-0.032,122,3.1,99.497
1789384788.3777,3,3.026,121,3,3.017,130,3,3.025,124,3,3.014,125,-0.026,119.9,2.4,7.748,-0.017,123.2,7.4,90.823,-0.025,122.9,2,11.42,-0.014,122,3.1,99.557
1789384788.3778,3,3.022,121,3,3.022,129,3,3.03,123,3,3.044,123,-0.022,119.9,2.3,7.808,-0.022,123.2,7.3,90.884,-0.03,122.9,1.8,11.481,-0.044,122,2.9,99.618
1789384788.4378,3,3.014,122,3,3.016,130,3,3.014,124,3,3.009,125,-0.014,119.9,2.2,7.869,-0.016,123.2,7.2,90.944,-0.014,122.9,1.8,11.541,-0.009,122,2.8,99.678
1789384788.4378,3,3.017,121,3,3.016,130,3,3.036,123,3,3.03,123,-0.017,119.9,2.2,7.929,-0.016,123.2,7.1,91.004,-0.036,122.9,1.6,11.602,-0.03,122,2.7,99.739
1789384788.4378,3,3.03,120,3,3.019,129,3,3.007,124,3,3.008,124,-0.03,119.9,2,7.99,-0.019,123.2,7,91.065,-0.007,122.9,1.5,11.662,-0.008,122,2.6,99.799
1789384788.5177,3,3.027,121,3,3.012,130,3,3.036,123,3,3.02,124,-0.027,119.9,1.9,8.05,-0.012,123.2,6.9,91.125,-0.036,122.9,1.4,11.723,-0.02,122,2.5,99.859
1789384788.5177,3,3.029,120,3,3.019,129,3,2.999,125,3,3.029,123,-0.029,119.9,1.7,8.111,-0.019,123.2,6.8,91.185,0.001,122.9,1.3,11.782,-0.029,122,2.4,99.92
1789384788.5177,3,3.019,121,3,3.012,129,3,3.033,122,3,3.017,124,-0.019,119.9,1.6,8.171,-0.012,123.2,6.8,91.245,-0.033,122.9,1.2,11.843,-0.017,122,2.3,99.98
1789384788.5177,3,3.023,120,3,3.016,129,3,3.005,124,3,3.031,123,-0.023,119.9,1.5,8.232,-0.016,123.2,6.7,91.306,-0.005,122.9,1.2,11.903,-0.031,122,2.1,100.041
1789384788.5785,3,3.015,121,3,3.007,130,3,3.019,123,3,3.008,124,-0.015,119.9,1.4,8.292,-0.007,123.2,6.7,91.366,-0.019,122.9,1.1,11.964,-0.008,122,2.1,100.101
1789384788.5785,3,3.022,120,3,3.015,129,3,3.012,123,3,3.03,122,-0.022,119.9,1.3,8.352,-0.015,123.2,6.6,91.426,-0.012,122.9,1,12.024,-0.03,122,2,100.162
1789384788.5786,3,3.01,121,3,3.015,129,3,3.007,124,3,2.996,124,-0.01,119.9,1.3,8.412,-0.015,123.2,6.5,91.486,-0.007,122.9,1,12.084,0.004,122,1.9,100.221
1789384788.6378,3,3.012,121,3,3.013,129,3,3.028,122,3,3.016,123,-0.012,119.9,1.2,8.473,-0.013,123.2,6.4,91.547,-0.028,122.9,0.9,12.145,-0.016,122,1.9,100.282
1789384788.6378,3,3.02,120,3,3.01,129,3,2.996,124,3,2.995,124,-0.02,119.9,1.1,8.533,-0.01,123.2,6.4,91.607,0.004,122.9,0.9,12.204,0.005,122,1.9,100.341
1789384788.6378,3,3.014,120,3,3.006,129,3,3.028,122,3,3.01,123,-0.014,119.9,1,8.593,-0.006,123.2,6.4,91.667,-0.028,122.9,0.8,12.265,-0.01,122,1.9,100.402
1789384788.6978,3,3.013,120,3,3.009,129,3,2.995,124,3,3.008,123,-0.013,119.9,1,8.654,-0.009,123.2,6.3,91.727,0.005,122.9,0.7,12.325,-0.008,122,1.8,100.462
1789384788.6978,3,3.006,121,3,3.002,130,3,3.022,122,3,3.001,124,-0.006,119.9,0.9,8.714,-0.002,123.2,6.3,91.787,-0.022,122.9,0.7,12.385,-0.001,122,1.8,100.522
1789384788.6978,3,3.016,120,3,3.01,129,3,2.996,124,3,3.014,123,-0.016,119.9,0.9,8.774,-0.01,123.2,6.3,91.847,0.004,122.9,0.6,12.445,-0.014,122,1.8,100.582
1789384788.7577,3,3.004,121,3,3.005,129,3,3.02,122,3,2.996,124,-0.004,119.9,0.8,8.834,-0.005,123.2,6.2,91.908,-0.02,122.9,0.6,12.506,0.004,122,1.8,100.642
1789384788.7578,3,3.007,120,3,3.009,129,3,3.009,123,3,3.023,122,-0.007,119.9,0.8,8.894,-0.009,123.2,6.2,91.968,-0.009,122.9,0.5,12.566,-0.023,122,1.7,100.703
1789384788.7578,3,3.006,120,3,3.006,129,3,3.003,123,3,2.986,125,-0.006,119.9,0.8,8.954,-0.006,123.2,6.1,92.028,-0.003,122.9,0.5,12.626,0.014,122,1.7,100.762
1789384788.8178,3,3.006,120,3,3.011,129,3,3.014,123,3,3.006,123,-0.006,119.9,0.7,9.015,-0.011,123.2,6.1,92.088,-0.014,122.9,0.4,12.686,-0.006,122,1.7,100.822
1789384788.8178,3,3.002,121,3,3.007,129,3,2.994,124,3,2.983,125,-0.002,119.9,0.7,9.075,-0.007,123.2,6.1,92.148,0.006,122.9,0.5,12.746,0.017,122,1.7,100.882
1789384788.8178,3,3.01,120,3,3.005,129,3,3.026,122,3,3.007,123,-0.01,119.9,0.7,9.135,-0.005,123.2,6,92.208,-0.026,122.9,0.4,12.807,-0.007,122,1.8,100.942
1789384788.8778,3,3.011,120,3,3.006,129,3,2.988,124,3,3.005,123,-0.011,119.9,0.6,9.195,-0.006,123.2,6,92.268,0.012,122.9,0.4,12.866,-0.005,122,1.7,101.002
1789384788.8778,3,2.997,121,3,3.003,129,3,3.021,122,3,2.998,124,0.003,119.9,0.6,9.255,-0.003,123.2,6,92.328,-0.021,122.9,0.3,12.927,0.002,122,1.7,101.062
1789384788.8778,3,3.007,120,3,3.01,129,3,2.993,124,3,3.011,123,-0.007,119.9,0.6,9.315,-0.01,123.2,5.9,92.389,0.007,122.9,0.3,12.987,-0.011,122,1.7,101.123
1789384788.9377,3,3,121,3,3.004,129,3,3.016,122,3,2.993,124,0,119.9,0.6,9.375,-0.004,123.2,5.9,92.449,-0.016,122.9,0.3,13.047,0.007,122,1.7,101.182
1789384788.9378,3,3.008,120,3,3.011,129,3,3.004,123,3,3.015,123,-0.008,119.9,0.6,9.435,-0.011,123.2,5.9,92.509,-0.004,122.9,0.2,13.107,-0.015,122,1.6,101.243
1789384788.9378,3,3.006,120,3,3.008,129,3,3.001,123,3,2.983,125,-0.006,119.9,0.5,9.495,-0.008,123.2,5.8,92.569,-0.001,122.9,0.2,13.167,0.017,122,1.7,101.302
1789384788.9977,3,3.002,120,3,3.006,129,3,3.012,122,3,3.016,123,-0.002,119.9,0.5,9.555,-0.006,123.2,5.8,92.629,-0.012,122.9,0.2,13.227,-0.016,122,1.7,101.363
1789384788.9977,3,2.999,121,3,3.003,129,3,2.985,124,3,2.995,124,0.001,119.9,0.5,9.615,-0.003,123.2,5.8,92.689,0.015,122.9,0.2,13.287,0.005,122,1.7,101.422
1789384788.9977,3,3.002,120,3,3.003,129,3,3.012,122,3,3.007,123,-0.002,119.9,0.5,9.675,-0.003,123.2,5.8,92.749,-0.012,122.9,0.2,13.347,-0.007,122,1.7,101.483
1789384789.0577,3,3.01,120,3,3.01,128,3,2.983,124,3,3.002,124,-0.01,119.9,0.5,9.736,-0.01,123.2,5.7,92.81,0.017,122.9,0.2,13.407,-0.002,122,1.6,101.543
1789384789.0578,2.76,2.992,100,2.76,2.984,109,2.76,3.001,102,2.76,2.985,104,-0.232,110.9,-0.4,9.795,-0.224,114,4.8,92.869,-0.241,113.7,-0.7,13.467,-0.225,112.9,0.8,101.602
1789384789.0578,2.52,2.834,88,2.52,2.845,95,2.52,2.83,90,2.52,2.858,89,-0.314,102,-1.9,9.851,-0.325,104.8,3.3,92.925,-0.31,104.5,-2.2,13.522,-0.338,103.8,-0.9,101.658
1789384789.1177,2.28,2.59,79,2.28,2.619,85,2.28,2.59,81,2.28,2.587,82,-0.31,93,-3.5,9.9,-0.339,95.6,1.6,92.975,-0.31,95.3,-3.7,13.571,-0.307,94.6,-2.4,101.707
1789384789.1178,2.04,2.325,71,2.04,2.36,77,2.04,2.344,72,2.04,2.345,73,-0.285,84.1,-5,9.944,-0.32,86.3,-0,93.02,-0.304,86.1,-5.3,13.616,-0.305,85.5,-4,101.752
1789384789.1178,1.8,2.062,63,1.8,2.103,67,1.8,2.059,64,1.8,2.09,63,-0.262,75.1,-6.3,9.982,-0.303,77.1,-1.5,93.059,-0.259,76.9,-6.6,13.654,-0.29,76.4,-5.4,101.791
1789384789.1777,1.56,1.815,53,1.56,1.849,58,1.56,1.809,55,1.56,1.818,55,-0.255,66.2,-7.6,10.016,-0.289,67.9,-3,93.094,-0.249,67.7,-7.9,13.688,-0.258,67.3,-6.8,101.825
1789384789.1778,1.32,1.578,43,1.32,1.61,47,1.32,1.601,42,1.32,1.578,45,-0.258,57.2,-8.9,10.045,-0.29,58.7,-4.4,93.123,-0.281,58.6,-9.2,13.718,-0.258,58.2,-8,101.854
1789384789.1778,1.08,1.347,32,1.08,1.377,36,1.08,1.359,32,1.08,1.36,33,-0.267,48.3,-10.2,10.07,-0.297,49.5,-5.9,93.149,-0.279,49.4,-10.6,13.743,-0.28,49,-9.4,101.879
1789384789.2378,0.84,1.097,22,0.84,1.127,26,0.84,1.087,23,0.84,1.115,23,-0.257,39.3,-11.5,10.09,-0.287,40.3,-7.4,93.169,-0.247,40.2,-11.9,13.762,-0.275,39.9,-10.8,101.899
1789384789.2378,0.6,0.831,14,0.6,0.888,15,0.6,0.849,13,0.6,0.846,14,-0.231,30.4,-12.7,10.104,-0.288,31,-8.8,93.184,-0.249,31,-13.1,13.776,-0.246,30.8,-12.1,101.913
1789384789.2378,0.36,0.585,4,0.36,0.654,4,0.36,0.61,2,0.36,0.585,5,-0.225,21.4,-13.8,10.113,-0.294,21.8,-10.3,93.195,-0.25,21.8,-14.4,13.786,-0.225,21.7,-13.2,101.922
1789384789.2976,0.12,0.323,-9,0.12,0.405,-10,0.12,0.331,-10,0.12,0.342,-10,-0.203,8.2,-14.8,10.117,-0.285,8.3,-11.7,93.2,-0.211,8.3,-15.5,13.79,-0.222,8.3,-14.3,101.927
1789384789.2976,0,0.108,0,0,0.178,0,0,0.109,0,0,0.11,0,-0.108,0,0,10.116,-0.178,0,0,93.202,-0.109,0,0,13.79,-0.11,0,0,101.926
1789384789.2977,0,0.039,0,0,0.06,0,0,0.042,0,0,0.04,0,-0.039,0,0,10.116,-0.06,0,0,93.201,-0.042,0,0,13.79,-0.04,0,0,101.926
1789384789.3776,0,0.014,0,0,0.022,0,0,0.017,0,0,0.014,0,-0.014,0,0,10.116,-0.022,0,0,93.201,-0.017,0,0,13.79,-0.014,0,0,101.926
1789384789.3776,0,0.005,0,0,0.008,0,0,0.006,0,0,0.005,0,-0.005,0,0,10.116,-0.008,0,0,93.201,-0.006,0,0,13.79,-0.005,0,0,101.926
1789384789.3777,0,0.002,0,0,0.003,0,0,0.002,0,0,0.002,0,-0.002,0,0,10.116,-0.003,0,0,93.201,-0.002,0,0,13.79,-0.002,0,0,101.926
1789384789.3777,0,0.001,0,0,0.001,0,0,0.001,0,0,0.001,0,-0.001,0,0,10.116,-0.001,0,0,93.201,-0.001,0,0,13.79,-0.001,0,0,101.926
1789384789.4376,0,0,0,0,0,0,0,0,0,0,0,0,-0,0,0,10.116,-0,0,0,93.201,-0,0,0,13.79,-0,0,0,101.926
1789384789.4377,0,0,0,0,0,0,0,0,0,0,0,0,-0,0,0,10.116,-0,0,0,93.201,-0,0,0,13.79,-0,0,0,101.926
1789384789.4377,0,0,0,0,0,0,0,0,0,0,0,0,-0,0,0,10.116,-0,0,0,93.201,-0,0,0,13.79,-0,0,0,101.926
1789384789.4976,0,0,0,0,0,0,0,0,0,0,0,0,-0,0,0,10.116,-0,0,0,93.201,-0,0,0,13.79,-0,0,0,101.926
1789384789.4976,0,0,0,0,0,0,0,0,0,0,0,0,-0,0,0,10.116,-0,0,0,93.201,-0,0,0,13.79,-0,0,0,101.926
1789384789.4976,0,0,0,0,0,0,0,0,0,0,0,0,-0,0,0,10.116,-0,0,0,93.201,-0,0,0,13.79,-0,0,0,101.926
1789384789.5776,0,0,0,0,0,0,0,0,0,0,0,0,-0,0,0,10.116,-0,0,0,93.201,-0,0,0,13.79,-0,0,0,101.926
1789384789.5776,0,0,0,0,0,0,0,0,0,0,0,0,-0,0,0,10.116,-0,0,0,93.201,-0,0,0,13.79,-0,0,0,101.926
1789384789.5776,0,0,0,0,0,0,0,0,0,0,0,0,-0,0,0,10.116,-0,0,0,93.201,-0,0,0,13.79,-0,0,0,101.926
1789384789.5776,0,0,0,0,0,0,0,0,0,0,0,0,-0,0,0,10.116,-0,0,0,93.201,-0,0,0,13.79,-0,0,0,101.926
1789384789.6376,0,0,0,0,0,0,0,0,0,0,0,0,-0,0,0,10.116,-0,0,0,93.201,-0,0,0,13.79,-0,0,0,101.926
1789384789.6377,0,0,0,0,0,0,0,0,0,0,0,0,-0,0,0,10.116,-0,0,0,93.201,-0,0,0,13.79,-0,0,0,101.926
1789384789.6377,0,0,0,0,0,0,0,0,0,0,0,0,-0,0,0,10.116,-0,0,0,93.201,-0,0,0,13.79,-0,0,0,101.926
1789384789.6976,0,0,0,0,0,0,0,0,0,0,0,0,-0,0,0,10.116,-0,0,0,93.201,-0,0,0,13.79,-0,0,0,101.926
1789384789.6976,0,0,0,0,0,0,0,0,0,0,0,0,-0,0,0,10.116,-0,0,0,93.201,-0,0,0,13.79,-0,0,0,101.926
1789384789.6976,0,0,0,0,0,0,0,0,0,0,0,0,-0,0,0,10.116,-0,0,0,93.201,-0,0,0,13.79,-0,0,0,101.926
1789384789.7776,0,0,0,0,0,0,0,0,0,0,0,0,-0,0,0,10.116,-0,0,0,93.201,-0,0,0,13.79,-0,0,0,101.926
1789384789.7776,0,0,0,0,0,0,0,0,0,0,0,0,-0,0,0,10.116,-0,0,0,93.201,-0,0,0,13.79,-0,0,0,101.926
1789384789.7776,0,0,0,0,0,0,0,0,0,0,0,0,-0,0,0,10.116,-0,0,0,93.201,-0,0,0,13.79,-0,0,0,101.926
1789384789.7776,0,0,0,0,0,0,0,0,0,0,0,0,-0,0,0,10.116,-0,0,0,93.201,-0,0,0,13.79,-0,0,0,101.926
1789384789.8376,0,0,0,0,0,0,0,0,0,0,0,0,-0,0,0,10.116,-0,0,0,93.201,-0,0,0,13.79,-0,0,0,101.926
1789384789.8376,0,0,0,0,0,0,0,0,0,0,0,0,-0,0,0,10.116,-0,0,0,93.201,-0,0,0,13.79,-0,0,0,101.926
1789384789.8376,0,0,0,0,0,0,0,0,0,0,0,0,-0,0,0,10.116,-0,0,0,93.201,-0,0,0,13.79,-0,0,0,101.926
1789384789.8976,0,0,0,0,0,0,0,0,0,0,0,0,-0,0,0,10.116,-0,0,0,93.201,-0,0,0,13.79,-0,0,0,101.926
1789384789.8976,0,0,0,0,0,0,0,0,0,0,0,0,-0,0,0,10.116,-0,0,0,93.201,-0,0,0,13.79,-0,0,0,101.926
1789384789.8976,0,0,0,0,0,0,0,0,0,0,0,0,-0,0,0,10.116,-0,0,0,93.201,-0,0,0,13.79,-0,0,0,101.926
1789384789.9776,0,0,0,0,0,0,0,0,0,0,0,0,-0,0,0,10.116,-0,0,0,93.201,-0,0,0,13.79,-0,0,0,101.926
1789384789.9776,0,0,0,0,0,0,0,0,0,0,0,0,-0,0,0,10.116,-0,0,0,93.201,-0,0,0,13.79,-0,0,0,101.926
1789384789.9776,0,0,0,0,0,0,0,0,0,0,0,0,-0,0,0,10.116,-0,0,0,93.201,-0,0,0,13.79,-0,0,0,101.926
1789384789.9776,0,0,0,0,0,0,0,0,0,0,0,0,-0,0,0,10.116,-0,0,0,93.201,-0,0,0,13.79,-0,0,0,101.926
1789384790.0376,0,0,0,0,0,0,0,0,0,0,0,0,-0,0,0,10.116,-0,0,0,93.201,-0,0,0,13.79,-0,0,0,101.926
1789384790.0376,0,0,0,0,0,0,0,0,0,0,0,0,-0,0,0,10.116,-0,0,0,93.201,-0,0,0,13.79,-0,0,0,101.926
1789384790.0376,0,0,0,0,0,0,0,0,0,0,0,0,-0,0,0,10.116,-0,0,0,93.201,-0,0,0,13.79,-0,0,0,101.926
1789384790.0976,0,0,0,0,0,0,0,0,0,0,0,0,-0,0,0,10.116,-0,0,0,93.201,-0,0,0,13.79,-0,0,0,101.926
1789384790.0977,0,0,0,0,0,0,0,0,0,0,0,0,-0,0,0,10.116,-0,0,0,93.201,-0,0,0,13.79,-0,0,0,101.926
1789384790.0977,0,0,0,0,0,0,0,0,0,0,0,0,-0,0,0,10.116,-0,0,0,93.201,-0,0,0,13.79,-0,0,0,101.926
1789384790.1776,0,0,0,0,0,0,0,0,0,0,0,0,-0,0,0,10.116,-0,0,0,93.201,-0,0,0,13.79,-0,0,0,101.926
1789384790.1777,0,0,0,0,0,0,0,0,0,0,0,0,-0,0,0,10.116,-0,0,0,93.201,-0,0,0,13.79,-0,0,0,101.926
1789384790.1777,0,0,0,0,0,0,0,0,0,0,0,0,-0,0,0,10.116,-0,0,0,93.201,-0,0,0,13.79,-0,0,0,101.926
1789384790.1777,0,0,0,0,0,0,0,0,0,0,0,0,-0,0,0,10.116,-0,0,0,93.201,-0,0,0,13.79,-0,0,0,101.926
1789384790.2376,0,0,0,0,0,0,0,0,0,0,0,0,-0,0,0,10.116,-0,0,0,93.201,-0,0,0,13.79,-0,0,0,101.926
1789384790.2376,0,0,0,0,0,0,0,0,0,0,0,0,-0,0,0,10.116,-0,0,0,93.201,-0,0,0,13.79,-0,0,0,101.926
1789384790.2376,0,0,0,0,0,0,0,0,0,0,0,0,-0,0,0,10.116,-0,0,0,93.201,-0,0,0,13.79,-0,0,0,101.926
1789384790.2976,0,0,0,0,0,0,0,0,0,0,0,0,-0,0,0,10.116,-0,0,0,93.201,-0,0,0,13.79,-0,0,0,101.926
1789384790.2976,0,0,0,0,0,0,0,0,0,0,0,0,-0,0,0,10.116,-0,0,0,93.201,-0,0,0,13.79,-0,0,0,101.926
1789384790.2976,0,0,0,0,0,0,0,0,0,0,0,0,-0,0,0,10.116,-0,0,0,93.201,-0,0,0,13.79,-0,0,0,101.926
1789384790.3776,0,0,0,0,0,0,0,0,0,0,0,0,-0,0,0,10.116,-0,0,0,93.201,-0,0,0,13.79,-0,0,0,101.926
1789384790.3776,0,0,0,0,0,0,0,0,0,0,0,0,-0,0,0,10.116,-0,0,0,93.201,-0,0,0,13.79,-0,0,0,101.926
1789384790.3776,0,0,0,0,0,0,0,0,0,0,0,0,-0,0,0,10.116,-0,0,0,93.201,-0,0,0,13.79,-0,0,0,101.926
1789384790.3776,0,0,0,0,0,0,0,0,0,0,0,0,-0,0,0,10.116,-0,0,0,93.201,-0,0,0,13.79,-0,0,0,101.926
1789384790.4376,0,0,0,0,0,0,0,0,0,0,0,0,-0,0,0,10.116,-0,0,0,93.201,-0,0,0,13.79,-0,0,0,101.926
1789384790.4376,0,0,0,0,0,0,0,0,0,0,0,0,-0,0,0,10.116,-0,0,0,93.201,-0,0,0,13.79,-0,0,0,101.926
1789384790.4376,0,0,0,0,0,0,0,0,0,0,0,0,-0,0,0,10.116,-0,0,0,93.201,-0,0,0,13.79,-0,0,0,101.926
1789384790.4976,0,0,0,0,0,0,0,0,0,0,0,0,-0,0,0,10.116,-0,0,0,93.201,-0,0,0,13.79,-0,0,0,101.926
1789384790.4976,0,0,0,0,0,0,0,0,0,0,0,0,-0,0,0,10.116,-0,0,0,93.201,-0,0,0,13.79,-0,0,0,101.926
1789384790.4977,0,0,0,0,0,0,0,0,0,0,0,0,-0,0,0,10.116,-0,0,0,93.201,-0,0,0,13.79,-0,0,0,101.926
1789384790.5777,0,0,0,0,0,0,0,0,0,0,0,0,-0,0,0,10.116,-0,0,0,93.201,-0,0,0,13.79,-0,0,0,101.926
1789384790.5777,0,0,0,0,0,0,0,0,0,0,0,0,-0,0,0,10.116,-0,0,0,93.201,-0,0,0,13.79,-0,0,0,101.926
1789384790.5778,0.24,0.012,28,0.24,0.012,28,0.24,0.019,28,0.24,0.016,28,0.228,17,0.9,10.117,0.228,17.2,0.9,93.202,0.221,17.2,0.9,13.79,0.224,17.1,0.9,101.927
1789384790.5778,0.48,0.2,39,0.48,0.168,41,0.48,0.219,38,0.48,0.195,39,0.28,25.9,2.3,10.122,0.312,26.4,2.4,93.206,0.261,26.4,2.2,13.796,0.285,26.2,2.3,101.932
1789384790.6376,0.72,0.532,42,0.72,0.44,48,0.72,0.494,45,0.72,0.492,45,0.188,34.9,3.3,10.136,0.28,35.6,3.9,93.218,0.226,35.6,3.3,13.809,0.228,35.4,3.5,101.945
1789384790.6377,0.96,0.764,52,0.96,0.694,57,0.96,0.73,55,0.96,0.737,54,0.196,43.8,4.3,10.154,0.266,44.9,5.2,93.234,0.23,44.8,4.5,13.826,0.223,44.5,4.6,101.962
1789384790.6377,1.2,0.973,63,1.2,0.927,68,1.2,0.973,64,1.2,0.954,65,0.227,52.8,5.4,10.176,0.273,54.1,6.5,93.255,0.227,54,5.6,13.848,0.246,53.6,5.8,101.983
1789384790.6978,1.44,1.238,71,1.44,1.174,77,1.44,1.219,74,1.44,1.199,75,0.202,61.7,6.4,10.203,0.266,63.3,7.9,93.281,0.221,63.2,6.7,13.875,0.241,62.7,7,102.01
1789384790.6978,1.68,1.487,81,1.68,1.426,87,1.68,1.452,85,1.68,1.463,84,0.193,70.7,7.4,10.235,0.254,72.5,9.2,93.312,0.228,72.3,7.9,13.906,0.217,71.8,8.1,102.042
1789384790.6978,1.92,1.708,92,1.92,1.657,98,1.92,1.698,95,1.92,1.694,94,0.212,79.6,8.4,10.272,0.263,81.7,10.5,93.348,0.222,81.5,9,13.942,0.226,81,9.2,102.078
1789384790.7578,2.16,1.966,101,2.16,1.918,107,2.16,1.979,102,2.16,1.922,105,0.194,88.6,9.4,10.313,0.242,90.9,11.7,93.388,0.181,90.7,10,13.985,0.238,90.1,10.4,102.119
1789384790.7578,2.4,2.24,109,2.4,2.18,117,2.4,2.212,113,2.4,2.203,113,0.16,97.5,10.3,10.361,0.22,100.2,12.9,93.435,0.188,99.9,10.9,14.032,0.197,99.2,11.5,102.165
1789384790.7578,2.64,2.476,119,2.64,2.423,127,2.64,2.419,125,2.64,2.446,123,0.164,106.5,11.1,10.413,0.217,109.4,13.9,93.486,0.221,109.1,12,14.082,0.194,108.3,12.4,102.217
1789384790.8178,2.88,2.718,128,2.88,2.668,137,2.88,2.726,131,2.88,2.693,133,0.162,115.4,11.9,10.47,0.212,118.6,15,93.541,0.154,118.3,12.8,14.139,0.187,117.4,13.4,102.273
1789384790.8179,3.12,2.965,138,3.12,2.937,146,3.12,2.953,142,3.12,2.959,142,0.155,124.4,12.7,10.531,0.183,127.8,16,93.603,0.167,127.5,13.6,14.201,0.161,126.6,14.2,102.335
1789384790.8179,3.36,3.203,148,3.36,3.205,154,3.36,3.214,151,3.36,3.181,153,0.157,133.3,13.5,10.598,0.155,137,16.8,93.67,0.146,136.7,14.4,14.268,0.179,135.7,15.1,102.401
1789384790.8778,3.6,3.46,157,3.6,3.443,165,3.6,3.43,163,3.6,3.45,161,0.14,142.3,14.2,10.67,0.157,146.2,17.5,93.741,0.17,145.9,15.2,14.339,0.15,144.8,15.9,102.473
1789384790.8778,3.84,3.701,166,3.84,3.678,175,3.84,3.708,171,3.84,3.676,172,0.139,151.2,14.9,10.746,0.162,155.5,18.4,93.817,0.132,155.1,15.9,14.415,0.164,153.9,16.7,102.548
1789384790.8778,4.08,3.945,176,4.08,3.921,185,4.08,3.927,182,4.08,3.925,181,0.135,160.2,15.5,10.827,0.159,164.7,19.1,93.898,0.153,164.3,16.6,14.496,0.155,163,17.5,102.629
1789384790.9379,4.32,4.192,185,4.32,4.163,195,4.32,4.197,190,4.32,4.19,190,0.128,169.1,16.2,10.914,0.157,173.9,19.9,93.983,0.123,173.5,17.3,14.583,0.13,172.2,18.2,102.716
1789384790.9379,4.5,4.429,190,4.5,4.406,200,4.5,4.438,195,4.5,4.413,196,0.071,175.8,16.7,11.005,0.094,180.8,20.6,94.074,0.062,180.3,17.8,14.674,0.087,179,18.7,102.806
1789384790.9379,4.5,4.621,181,4.5,4.599,191,4.5,4.606,188,4.5,4.616,187,-0.121,175.8,16.3,11.099,-0.099,180.8,20.3,94.168,-0.106,180.3,17.4,14.768,-0.116,179,18.3,102.901
1789384790.9979,4.5,4.642,182,4.5,4.628,191,4.5,4.671,186,4.5,4.682,184,-0.142,175.8,15.6,11.192,-0.128,180.8,19.6,94.261,-0.171,180.3,16.5,14.862,-0.182,179,17.5,102.995
1789384790.9979,4.5,4.623,184,4.5,4.608,193,4.5,4.666,187,4.5,4.645,187,-0.123,175.8,14.9,11.285,-0.108,180.8,19.1,94.353,-0.166,180.3,15.7,14.955,-0.145,179,16.7,103.088
1789384790.9979,4.5,4.631,183,4.5,4.613,193,4.5,4.643,188,4.5,4.624,189,-0.131,175.8,14.3,11.377,-0.113,180.8,18.5,94.445,-0.143,180.3,15,15.048,-0.124,179,16.1,103.18
1789384791.0579,4.5,4.64,182,4.5,4.621,193,4.5,4.647,187,4.5,4.647,187,-0.14,175.8,13.6,11.47,-0.121,180.8,17.9,94.538,-0.147,180.3,14.2,15.141,-0.147,179,15.4,103.273
1789384791.0579,4.5,4.632,183,4.5,4.619,192,4.5,4.665,186,4.5,4.636,187,-0.132,175.8,12.9,11.563,-0.119,180.8,17.3,94.63,-0.165,180.3,13.5,15.235,-0.136,179,14.7,103.366
1789384791.0579,4.5,4.628,182,4.5,4.609,193,4.5,4.637,187,4.5,4.617,188,-0.128,175.8,12.3,11.655,-0.109,180.8,16.7,94.722,-0.137,180.3,12.8,15.327,-0.117,179,14.1,103.458
1789384791.1179,4.5,4.622,182,4.5,4.611,192,4.5,4.625,187,4.5,4.64,186,-0.122,175.8,11.7,11.748,-0.111,180.8,16.2,94.814,-0.125,180.3,12.1,15.419,-0.14,179,13.4,103.551
1789384791.1179,4.5,4.615,182,4.5,4.608,192,4.5,4.65,185,4.5,4.63,186,-0.115,175.8,11.1,11.84,-0.108,180.8,15.7,94.906,-0.15,180.3,11.4,15.513,-0.13,179,12.8,103.643
1789384791.1179,4.5,4.613,181,4.5,4.604,191,4.5,4.628,185,4.5,4.601,187,-0.113,175.8,10.5,11.932,-0.104,180.8,15.1,94.999,-0.128,180.3,10.7,15.605,-0.101,179,12.2,103.735
1789384791.1778,4.5,4.606,181,4.5,4.59,192,4.5,4.595,187,4.5,4.616,185,-0.106,175.8,10,12.024,-0.09,180.8,14.7,95.09,-0.095,180.3,10.2,15.697,-0.116,179,11.6,103.828
1789384791.1779,4.5,4.592,181,4.5,4.59,191,4.5,4.613,185,4.5,4.614,185,-0.092,175.8,9.5,12.116,-0.09,180.8,14.2,95.182,-0.113,180.3,9.6,15.789,-0.114,179,11.1,103.92
1789384791.1779,4.5,4.581,182,4.5,4.584,191,4.5,4.604,185,4.5,4.591,186,-0.081,175.8,9.1,12.207,-0.084,180.8,13.8,95.274,-0.104,180.3,9.1,15.881,-0.091,179,10.6,104.011
1789384791.2379,4.5,4.579,181,4.5,4.578,191,4.5,4.577,186,4.5,4.604,184,-0.079,175.8,8.7,12.299,-0.078,180.8,13.4,95.365,-0.077,180.3,8.7,15.972,-0.104,179,10.1,104.104
1789384791.2379,4.5,4.578,181,4.5,4.577,190,4.5,4.599,184,4.5,4.596,184,-0.078,175.8,8.3,12.391,-0.077,180.8,13,95.457,-0.099,180.3,8.2,16.065,-0.096,179,9.6,104.195
1789384791.2379,4.5,4.576,180,4.5,4.574,190,4.5,4.593,184,4.5,4.569,185,-0.076,175.8,7.9,12.482,-0.074,180.8,12.6,95.548,-0.093,180.3,7.8,16.156,-0.069,179,9.2,104.286
1789384791.2979,4.5,4.566,181,4.5,4.563,190,4.5,4.564,185,4.5,4.576,185,-0.066,175.8,7.6,12.573,-0.063,180.8,12.3,95.639,-0.064,180.3,7.4,16.247,-0.076,179,8.8,104.378
1789384791.2979,4.5,4.566,180,4.5,4.556,190,4.5,4.577,184,4.5,4.586,184,-0.066,175.8,7.2,12.665,-0.056,180.8,12,95.73,-0.077,180.3,7,16.339,-0.086,179,8.5,104.47
1789384791.2980,4.5,4.56,180,4.5,4.559,190,4.5,4.579,183,4.5,4.558,185,-0.06,175.8,6.9,12.756,-0.059,180.8,11.7,95.822,-0.079,180.3,6.7,16.43,-0.058,179,8.1,104.561
1789384791.3578,4.5,4.557,180,4.5,4.562,189,4.5,4.549,185,4.5,4.555,185,-0.057,175.8,6.6,12.847,-0.062,180.8,11.4,95.913,-0.049,180.3,6.4,16.521,-0.055,179,7.8,104.652
1789384791.3578,4.5,4.553,180,4.5,4.555,190,4.5,4.564,184,4.5,4.56,184,-0.053,175.8,6.4,12.938,-0.055,180.8,11.1,96.004,-0.064,180.3,6,16.613,-0.06,179,7.5,104.743
1789384791.3579,4.5,4.548,180,4.5,4.547,190,4.5,4.569,183,4.5,4.534,185,-0.048,175.8,6.1,13.029,-0.047,180.8,10.9,96.095,-0.069,180.3,5.7,16.704,-0.034,179,7.3,104.834
1789384791.4179,4.5,4.553,179,4.5,4.554,189,4.5,4.541,184,4.5,4.539,185,-0.053,175.8,5.9,13.12,-0.054,180.8,10.6,96.186,-0.041,180.3,5.5,16.794,-0.039,179,7.1,104.925
1789384791.4179,4.5,4.551,179,4.5,4.543,189,4.5,4.551,183,4.5,4.564,183,-0.051,175.8,5.6,13.211,-0.043,180.8,10.4,96.277,-0.051,180.3,5.2,16.886,-0.064,179,6.9,105.016
1789384791.4179,4.5,4.542,179,4.5,4.537,189,4.5,4.558,183,4.5,4.537,184,-0.042,175.8,5.4,13.302,-0.037,180.8,10.2,96.367,-0.058,180.3,5,16.977,-0.037,179,6.7,105.106
1789384791.4778,4.5,4.539,179,4.5,4.534,189,4.5,4.533,184,4.5,4.53,184,-0.039,175.8,5.2,13.392,-0.034,180.8,10,96.458,-0.033,180.3,4.8,17.067,-0.03,179,6.4,105.197
1789384791.4779,4.5,4.538,179,4.5,4.531,189,4.5,4.541,183,4.5,4.545,183,-0.038,175.8,5,13.483,-0.031,180.8,9.9,96.548,-0.041,180.3,4.5,17.158,-0.045,179,6.3,105.288
1789384791.4779,4.5,4.539,179,4.5,4.532,189,4.5,4.55,182,4.5,4.525,184,-0.039,175.8,4.8,13.574,-0.032,180.8,9.7,96.639,-0.05,180.3,4.3,17.249,-0.025,179,6.1,105.378
1789384791.5378,4.5,4.534,179,4.5,4.531,189,4.5,4.518,184,4.5,4.531,184,-0.034,175.8,4.6,13.665,-0.031,180.8,9.6,96.73,-0.018,180.3,4.2,17.339,-0.031,179,5.9,105.469
1789384791.5378,4.5,4.534,179,4.5,4.53,189,4.5,4.527,183,4.5,4.55,182,-0.034,175.8,4.5,13.755,-0.03,180.8,9.4,96.82,-0.027,180.3,4,17.43,-0.05,179,5.7,105.56
1789384791.5378,4.5,4.531,179,4.5,4.53,189,4.5,4.547,182,4.5,4.527,183,-0.031,175.8,4.3,13.846,-0.03,180.8,9.3,96.911,-0.047,180.3,3.9,17.521,-0.027,179,5.6,105.65
1789384791.5978,4.5,4.52,179,4.5,4.53,189,4.5,4.524,183,4.5,4.521,184,-0.02,175.8,4.2,13.936,-0.03,180.8,9.1,97.002,-0.024,180.3,3.7,17.611,-0.021,179,5.4,105.741
1789384791.5978,4.5,4.517,179,4.5,4.529,188,4.5,4.525,183,4.5,4.534,183,-0.017,175.8,4.1,14.026,-0.029,180.8,9,97.092,-0.025,180.3,3.6,17.702,-0.034,179,5.3,105.832
1789384791.5978,4.5,4.523,179,4.5,4.518,189,4.5,4.542,182,4.5,4.516,184,-0.023,175.8,4,14.117,-0.018,180.8,8.8,97.182,-0.042,180.3,3.4,17.793,-0.016,179,5.2,105.922
1789384791.6579,4.5,4.527,178,4.5,4.521,189,4.5,4.515,183,4.5,4.508,184,-0.027,175.8,3.8,14.208,-0.021,180.8,8.7,97.273,-0.015,180.3,3.3,17.883,-0.008,179,5.1,106.012
1789384791.6579,4.5,4.521,179,4.5,4.526,188,4.5,4.518,183,4.5,4.522,183,-0.021,175.8,3.7,14.298,-0.026,180.8,8.6,97.363,-0.018,180.3,3.2,17.973,-0.022,179,5.1,106.102
1789384791.6579,4.5,4.52,179,4.5,4.521,188,4.5,4.539,181,4.5,4.498,184,-0.02,175.8,3.6,14.388,-0.021,180.8,8.5,97.454,-0.039,180.3,3,18.064,0.002,179,5.1,106.192
1789384791.7179,4.5,4.518,179,4.5,4.516,189,4.5,4.514,183,4.5,4.494,185,-0.018,175.8,3.5,14.479,-0.016,180.8,8.4,97.544,-0.014,180.3,3,18.154,0.006,179,5.1,106.282
1789384791.7179,4.5,4.515,179,4.5,4.521,188,4.5,4.508,183,4.5,4.525,183,-0.015,175.8,3.5,14.569,-0.021,180.8,8.3,97.635,-0.008,180.3,2.9,18.245,-0.025,179,5,106.373
1789384791.7180,4.5,4.52,178,4.5,4.518,188,4.5,4.53,182,4.5,4.518,183,-0.02,175.8,3.4,14.659,-0.018,180.8,8.2,97.725,-0.03,180.3,2.8,18.335,-0.018,179,4.9,106.463
1789384791.7779,4.5,4.514,179,4.5,4.518,188,4.5,4.508,183,4.5,4.51,183,-0.014,175.8,3.3,14.75,-0.018,180.8,8.1,97.815,-0.008,180.3,2.7,18.425,-0.01,179,4.8,106.553
1789384791.7779,4.5,4.517,178,4.5,4.516,188,4.5,4.508,183,4.5,4.52,183,-0.017,175.8,3.2,14.84,-0.016,180.8,8.1,97.906,-0.008,180.3,2.6,18.515,-0.02,179,4.7,106.644
1789384791.7779,4.5,4.518,178,4.5,4.516,188,4.5,4.533,181,4.5,4.5,184,-0.018,175.8,3.1,14.93,-0.016,180.8,8,97.996,-0.033,180.3,2.5,18.606,0,179,4.8,106.733
1789384791.8378,4.5,4.513,178,4.5,4.514,188,4.5,4.506,183,4.5,4.493,184,-0.013,175.8,3.1,15.021,-0.014,180.8,7.9,98.086,-0.006,180.3,2.5,18.696,0.007,179,4.7,106.823
1789384791.8379,4.5,4.512,178,4.5,4.513,188,4.5,4.503,183,4.5,4.52,183,-0.012,175.8,3,15.111,-0.013,180.8,7.8,98.176,-0.003,180.3,2.4,18.786,-0.02,179,4.7,106.914
1789384791.8379,4.5,4.512,178,4.5,4.513,188,4.5,4.527,181,4.5,4.511,183,-0.012,175.8,2.9,15.201,-0.013,180.8,7.8,98.267,-0.027,180.3,2.3,18.877,-0.011,179,4.7,107.004
1789384791.8978,4.5,4.51,178,4.5,4.513,188,4.5,4.504,183,4.5,4.492,184,-0.01,175.8,2.9,15.291,-0.013,180.8,7.7,98.357,-0.004,180.3,2.3,18.967,0.008,179,4.6,107.094
1789384791.8979,4.5,4.506,178,4.5,4.516,188,4.5,4.504,183,4.5,4.511,183,-0.006,175.8,2.9,15.381,-0.016,180.8,7.6,98.447,-0.004,180.3,2.2,19.057,-0.011,179,4.6,107.184
1789384791.8979,4.5,4.51,178,4.5,4.516,188,4.5,4.532,181,4.5,4.502,184,-0.01,175.8,2.8,15.471,-0.016,180.8,7.5,98.538,-0.032,180.3,2.1,19.148,-0.002,179,4.6,107.274
1789384791.9578,4.5,4.506,178,4.5,4.518,187,4.5,4.506,182,4.5,4.497,184,-0.006,175.8,2.8,15.562,-0.018,180.8,7.5,98.628,-0.006,180.3,2.1,19.238,0.003,179,4.6,107.364
1789384791.9578,4.5,4.507,178,4.5,4.514,188,4.5,4.496,183,4.5,4.524,182,-0.007,175.8,2.7,15.652,-0.014,180.8,7.4,98.718,0.004,180.3,2.1,19.328,-0.024,179,4.5,107.455
1789384791.9578,4.5,4.504,178,4.5,4.512,188,4.5,4.524,181,4.5,4.51,183,-0.004,175.8,2.7,15.742,-0.012,180.8,7.3,98.808,-0.024,180.3,2,19.418,-0.01,179,4.5,107.545
1789384792.0178,4.5,4.502,179,4.5,4.507,188,4.5,4.506,182,4.5,4.493,184,-0.002,175.8,2.7,15.832,-0.007,180.8,7.3,98.898,-0.006,180.3,2,19.508,0.007,179,4.4,107.635
1789384792.0179,4.5,4.506,178,4.5,4.502,188,4.5,4.496,183,4.5,4.518,182,-0.006,175.8,2.7,15.922,-0.002,180.8,7.3,98.988,0.004,180.3,1.9,19.598,-0.018,179,4.4,107.725
1789384792.0179,4.5,4.506,178,4.5,4.501,188,4.5,4.517,181,4.5,4.496,184,-0.006,175.8,2.7,16.012,-0.001,180.8,7.3,99.078,-0.017,180.3,1.9,19.689,0.004,179,4.4,107.815
1789384792.0779,4.5,4.501,179,4.5,4.502,188,4.5,4.498,182,4.5,4.488,184,-0.001,175.8,2.6,16.102,-0.002,180.8,7.3,99.169,0.002,180.3,1.9,19.778,0.012,179,4.4,107.905
1789384792.0779,4.38,4.506,168,4.38,4.507,177,4.38,4.492,173,4.38,4.513,172,-0.126,171.4,2.3,16.192,-0.127,176.2,6.9,99.259,-0.112,175.8,1.6,19.868,-0.133,174.4,4.1,107.995
1789384792.0780,4.14,4.438,151,4.14,4.44,160,4.14,4.453,153,4.14,4.431,156,-0.298,162.4,1,16.28,-0.3,167,5.6,99.347,-0.313,166.6,0.2,19.957,-0.291,165.3,2.8,108.083
1789384792.1379,3.9,4.224,141,3.9,4.247,149,3.9,4.22,144,3.9,4.238,145,-0.324,153.5,-0.6,16.363,-0.347,157.8,3.9,99.43,-0.32,157.4,-1.4,20.039,-0.338,156.2,1.1,108.166
1789384792.1379,3.66,3.954,134,3.66,3.989,140,3.66,3.968,136,3.66,3.996,136,-0.294,144.5,-2.1,16.439,-0.329,148.5,2.2,99.507,-0.308,148.2,-3,20.116,-0.336,147.1,-0.5,108.243
1789384792.1379,3.42,3.687,126,3.42,3.712,132,3.42,3.688,128,3.42,3.702,129,-0.267,135.6,-3.5,16.51,-0.292,139.3,0.7,99.579,-0.268,139,-4.3,20.187,-0.282,138,-2,108.315
1789384792.1978,3.18,3.436,116,3.18,3.451,123,3.18,3.444,118,3.18,3.472,118,-0.256,126.6,-4.8,16.577,-0.271,130.1,-0.7,99.645,-0.264,129.8,-5.7,20.253,-0.292,128.8,-3.5,108.382
1789384792.1978,2.94,3.207,105,2.94,3.224,112,2.94,3.207,107,2.94,3.211,109,-0.267,117.7,-6.1,16.638,-0.284,120.9,-2.1,99.707,-0.267,120.6,-6.9,20.315,-0.271,119.7,-4.9,108.443
1789384792.1979,2.7,2.965,95,2.7,2.988,101,2.7,2.983,96,2.7,2.991,97,-0.265,108.7,-7.4,16.695,-0.288,111.7,-3.5,99.765,-0.283,111.4,-8.4,20.373,-0.291,110.6,-6.3,108.501
1789384792.2578,2.46,2.727,85,2.46,2.735,91,2.46,2.695,88,2.46,2.732,88,-0.267,99.8,-8.8,16.747,-0.275,102.5,-4.9,99.817,-0.235,102.2,-9.6,20.424,-0.272,101.5,-7.7,108.553
1789384792.2578,2.22,2.464,76,2.22,2.48,82,2.22,2.474,77,2.22,2.467,79,-0.244,90.8,-10,16.794,-0.26,93.2,-6.2,99.864,-0.254,93,-10.8,20.471,-0.247,92.4,-8.9,108.6
1789384792.2579,1.98,2.203,67,1.98,2.231,71,1.98,2.235,66,1.98,2.247,67,-0.223,81.9,-11.2,16.836,-0.251,84,-7.5,99.906,-0.255,83.8,-12.1,20.513,-0.267,83.2,-10.2,108.642
1789384792.3179,1.74,1.956,57,1.74,1.985,61,1.74,1.953,58,1.74,2.008,56,-0.216,72.9,-12.3,16.872,-0.245,74.8,-8.7,99.943,-0.213,74.6,-13.3,20.549,-0.268,74.1,-11.6,108.68
1789384792.3179,1.5,1.719,47,1.5,1.749,51,1.5,1.706,48,1.5,1.734,48,-0.219,64,-13.3,16.904,-0.249,65.6,-9.9,99.976,-0.206,65.5,-14.3,20.581,-0.234,65,-12.8,108.712
1789384792.3180,1.26,1.467,37,1.26,1.505,40,1.26,1.478,37,1.26,1.474,39,-0.207,55,-14.4,16.931,-0.245,56.4,-11.2,100.004,-0.218,56.3,-15.4,20.608,-0.214,55.9,-13.9,108.739
1789384792.3779,1.02,1.216,28,1.02,1.251,31,1.02,1.218,28,1.02,1.239,28,-0.196,46,-15.4,16.953,-0.231,47.2,-12.3,100.026,-0.198,47.1,-16.4,20.63,-0.219,46.8,-15,108.761
1789384792.3779,0.78,0.964,19,0.78,0.995,21,0.78,0.967,18,0.78,1.006,17,-0.184,37.1,-16.3,16.97,-0.215,38,-13.4,100.043,-0.187,37.9,-17.3,20.647,-0.226,37.6,-16.1,108.779
1789384792.3779,0.54,0.718,9,0.54,0.757,11,0.54,0.726,8,0.54,0.749,8,-0.178,28.1,-17.2,16.982,-0.217,28.7,-14.5,100.056,-0.186,28.7,-18.3,20.659,-0.209,28.5,-17.2,108.792
1789384792.4377,0.3,0.466,0,0.3,0.537,-1,0.3,0.482,-2,0.3,0.475,0,-0.166,19.2,-18.1,16.988,-0.237,19.5,-15.7,100.065,-0.182,19.5,-19.2,20.666,-0.175,19.4,-18.1,108.798
1789384792.4377,0.06,0.209,-16,0.06,0.296,-19,0.06,0.219,-18,0.06,0.22,-17,-0.149,2.8,-18.8,16.99,-0.236,2.8,-16.9,100.068,-0.159,2.8,-20,20.668,-0.16,2.8,-18.9,108.8
1789384792.4377,0,0.019,0,0,0.052,0,0,-0.011,0,0,-0,0,-0.019,0,0,16.988,-0.052,0,0,100.067,0.011,0,0,20.665,0,0,0,108.798
1789384792.4977,0,-0.006,0,0,-0.006,0,0,-0.026,0,0,-0.026,0,0.006,0,0,16.988,0.006,0,0,100.066,0.026,0,0,20.665,0.026,0,0,108.797
1789384792.4977,0,-0.001,0,0,-0.003,0,0,-0.005,0,0,-0.008,0,0.001,0,0,16.988,0.003,0,0,100.066,0.005,0,0,20.665,0.008,0,0,108.797
1789384792.4977,0,-0.001,0,0,-0.001,0,0,-0.002,0,0,-0.003,0,0.001,0,0,16.988,0.001,0,0,100.066,0.002,0,0,20.665,0.003,0,0,108.797
1789384792.5777,0,-0,0,0,-0,0,0,-0.001,0,0,-0.001,0,0,0,0,16.988,0,0,0,100.066,0.001,0,0,20.665,0.001,0,0,108.797
1789384792.5777,0,-0,0,0,-0,0,0,-0,0,0,-0,0,0,0,0,16.988,0,0,0,100.066,0,0,0,20.665,0,0,0,108.797
1789384792.5777,0,-0,0,0,-0,0,0,-0,0,0,-0,0,0,0,0,16.988,0,0,0,100.066,0,0,0,20.665,0,0,0,108.797
1789384792.5777,0,-0,0,0,-0,0,0,-0,0,0,-0,0,0,0,0,16.988,0,0,0,100.066,0,0,0,20.665,0,0,0,108.797
1789384792.6377,0,-0,0,0,-0,0,0,-0,0,0,-0,0,0,0,0,16.988,0,0,0,100.066,0,0,0,20.665,0,0,0,108.797
1789384792.6377,0,-0,0,0,-0,0,0,-0,0,0,-0,0,0,0,0,16.988,0,0,0,100.066,0,0,0,20.665,0,0,0,108.797
1789384792.6377,0,-0,0,0,-0,0,0,-0,0,0,-0,0,0,0,0,16.988,0,0,0,100.066,0,0,0,20.665,0,0,0,108.797
1789384792.6977,0,-0,0,0,-0,0,0,-0,0,0,-0,0,0,0,0,16.988,0,0,0,100.066,0,0,0,20.665,0,0,0,108.797
1789384792.6977,0,-0,0,0,-0,0,0,-0,0,0,-0,0,0,0,0,16.988,0,0,0,100.066,0,0,0,20.665,0,0,0,108.797
1789384792.6977,0,-0,0,0,-0,0,0,-0,0,0,-0,0,0,0,0,16.988,0,0,0,100.066,0,0,0,20.665,0,0,0,108.797
1789384792.7777,0,-0,0,0,-0,0,0,-0,0,0,-0,0,0,0,0,16.988,0,0,0,100.066,0,0,0,20.665,0,0,0,108.797
1789384792.7777,0,-0,0,0,-0,0,0,-0,0,0,-0,0,0,0,0,16.988,0,0,0,100.066,0,0,0,20.665,0,0,0,108.797
1789384792.7777,0,-0,0,0,-0,0,0,-0,0,0,-0,0,0,0,0,16.988,0,0,0,100.066,0,0,0,20.665,0,0,0,108.797
1789384792.7777,0,-0,0,0,-0,0,0,-0,0,0,-0,0,0,0,0,16.988,0,0,0,100.066,0,0,0,20.665,0,0,0,108.797
1789384792.8377,0,-0,0,0,-0,0,0,-0,0,0,-0,0,0,0,0,16.988,0,0,0,100.066,0,0,0,20.665,0,0,0,108.797
1789384792.8377,0,-0,0,0,-0,0,0,-0,0,0,-0,0,0,0,0,16.988,0,0,0,100.066,0,0,0,20.665,0,0,0,108.797
1789384792.8377,0,-0,0,0,-0,0,0,-0,0,0,-0,0,0,0,0,16.988,0,0,0,100.066,0,0,0,20.665,0,0,0,108.797
1789384792.8977,0,-0,0,0,-0,0,0,-0,0,0,-0,0,0,0,0,16.988,0,0,0,100.066,0,0,0,20.665,0,0,0,108.797
1789384792.8977,0,-0,0,0,-0,0,0,-0,0,0,-0,0,0,0,0,16.988,0,0,0,100.066,0,0,0,20.665,0,0,0,108.797
1789384792.8977,0,-0,0,0,-0,0,0,-0,0,0,-0,0,0,0,0,16.988,0,0,0,100.066,0,0,0,20.665,0,0,0,108.797
1789384792.9777,0,-0,0,0,-0,0,0,-0,0,0,-0,0,0,0,0,16.988,0,0,0,100.066,0,0,0,20.665,0,0,0,108.797
1789384792.9777,0,-0,0,0,-0,0,0,-0,0,0,-0,0,0,0,0,16.988,0,0,0,100.066,0,0,0,20.665,0,0,0,108.797
1789384792.9777,0,-0,0,0,-0,0,0,-0,0,0,-0,0,0,0,0,16.988,0,0,0,100.066,0,0,0,20.665,0,0,0,108.797
1789384792.9777,0,-0,0,0,-0,0,0,-0,0,0,-0,0,0,0,0,16.988,0,0,0,100.066,0,0,0,20.665,0,0,0,108.797
1789384793.0377,0,-0,0,0,-0,0,0,-0,0,0,-0,0,0,0,0,16.988,0,0,0,100.066,0,0,0,20.665,0,0,0,108.797
1789384793.0377,0,-0,0,0,-0,0,0,-0,0,0,-0,0,0,0,0,16.988,0,0,0,100.066,0,0,0,20.665,0,0,0,108.797
1789384793.0377,0,-0,0,0,-0,0,0,-0,0,0,-0,0,0,0,0,16.988,0,0,0,100.066,0,0,0,20.665,0,0,0,108.797
