epoch_s,map_x,map_y,map_yaw_deg,odom_x,odom_y,odom_yaw_deg,corr_x,corr_y,corr_yaw_deg
1789458480.861,,,,0.0000,0.0000,0.00,0.0000,-0.0000,-0.00
1789458480.961,,,,0.0000,0.0000,0.00,0.0000,-0.0000,-0.00
1789458481.061,,,,0.0000,0.0000,0.00,0.0000,-0.0000,-0.00
1789458481.161,,,,0.0000,0.0000,0.00,0.0000,-0.0000,-0.00
1789458481.261,,,,0.0000,0.0000,0.00,0.0000,-0.0000,-0.00
1789458481.361,,,,0.0000,0.0000,0.00,0.0000,-0.0000,-0.00
1789458481.461,,,,0.0000,0.0000,0.00,0.0000,-0.0000,-0.00
1789458481.561,,,,0.0000,0.0000,0.00,0.0000,-0.0000,-0.00
1789458481.661,,,,0.0000,0.0000,0.00,0.0000,-0.0000,-0.00
1789458481.764,,,,0.0000,0.0000,0.00,0.0000,-0.0000,-0.00
1789458481.864,,,,0.0000,0.0000,0.00,0.0000,-0.0000,-0.00
1789458481.973,,,,0.0000,0.0000,0.00,0.0000,-0.0000,-0.00
1789458482.065,,,,0.0000,0.0000,0.00,0.0000,-0.0000,-0.00
1789458482.162,,,,0.0000,0.0000,0.00,0.0000,-0.0000,-0.00
1789458482.269,,,,0.0000,0.0000,0.00,0.0000,-0.0000,-0.00
1789458482.361,,,,0.0000,0.0000,0.00,0.0000,-0.0000,-0.00
1789458482.461,,,,0.0000,0.0000,0.00,0.0000,-0.0000,-0.00
1789458482.561,,,,0.0000,0.0000,0.00,0.0000,-0.0000,-0.00
1789458482.661,,,,0.0000,0.0000,0.00,0.0000,-0.0000,-0.00
1789458482.765,,,,0.0000,0.0000,0.00,0.0000,-0.0000,-0.00
1789458482.861,,,,0.0000,0.0000,0.00,0.0000,-0.0000,-0.00
1789458482.961,,,,0.0000,0.0000,0.00,0.0000,-0.0000,-0.00
1789458483.061,,,,0.0000,0.0000,0.00,0.0000,-0.0000,-0.00
1789458483.161,,,,0.0000,0.0000,0.00,0.0000,-0.0000,-0.00
1789458483.261,,,,0.0000,0.0000,0.00,0.0000,-0.0000,-0.00
1789458483.361,,,,0.0000,0.0000,0.00,0.0000,-0.0000,-0.00
1789458483.461,,,,0.0000,0.0000,0.00,0.0000,-0.0000,-0.00
1789458483.561,,,,0.0000,0.0000,0.00,0.0000,-0.0000,-0.00
1789458483.661,,,,0.0000,0.0000,0.00,0.0000,-0.0000,-0.00
1789458483.761,,,,0.0000,0.0000,0.00,0.0000,-0.0000,-0.00
1789458483.861,,,,0.0000,0.0000,0.00,0.0000,-0.0000,-0.00
1789458483.961,,,,0.0000,0.0000,0.00,0.0000,-0.0000,-0.00
1789458484.061,,,,0.0000,0.0000,0.00,0.0000,0.0000,0.00
1789458484.161,0.0000,0.0000,0.00,0.0000,0.0000,0.00,0.0000,0.0000,0.00
1789458484.261,0.0000,0.0000,0.00,0.0000,0.0000,0.00,0.0000,0.0000,0.00
1789458484.361,0.0000,0.0000,0.00,0.0000,0.0000,0.00,0.0000,0.0000,0.00
1789458484.461,0.0000,0.0000,0.00,0.0000,0.0000,0.00,0.0000,0.0000,0.00
1789458484.561,0.0000,0.0000,0.00,0.0000,0.0000,0.00,0.0000,0.0000,0.00
1789458484.661,0.0000,0.0000,0.00,0.0000,0.0000,0.00,0.0000,0.0000,0.00
1789458484.761,0.0000,0.0000,0.00,0.0000,0.0000,0.00,0.0000,0.0000,0.00
1789458484.861,0.0000,0.0000,0.00,0.0000,0.0000,0.00,0.0000,0.0000,0.00
1789458484.961,0.0000,0.0000,0.00,0.0000,0.0000,0.00,0.0000,0.0000,0.00
1789458485.061,0.0000,0.0000,0.00,0.0000,0.0000,0.00,0.0000,0.0000,0.00
1789458485.161,0.0000,0.0000,0.00,0.0000,0.0000,0.00,0.0000,0.0000,0.00
1789458485.261,0.0000,0.0000,0.00,0.0000,0.0000,0.00,0.0000,0.0000,0.00
1789458485.361,0.0000,0.0000,0.00,0.0000,0.0000,0.00,0.0000,0.0000,0.00
1789458485.461,0.0000,0.0000,0.00,0.0000,0.0000,0.00,0.0000,0.0000,0.00
1789458485.561,0.0000,0.0000,0.00,0.0000,0.0000,0.00,0.0000,0.0000,0.00
1789458485.661,0.0000,0.0000,0.00,0.0000,0.0000,0.00,0.0000,0.0000,0.00
1789458485.761,0.0000,0.0000,0.00,0.0000,0.0000,0.00,0.0000,0.0000,0.00
1789458485.861,0.0000,0.0000,0.00,0.0000,0.0000,0.00,0.0000,0.0000,0.00
1789458485.961,0.0000,0.0000,0.00,0.0000,0.0000,0.00,0.0000,0.0000,0.00
1789458486.061,0.0000,0.0000,0.00,0.0000,0.0000,0.00,0.0000,0.0000,0.00
1789458486.161,0.0000,0.0000,0.00,0.0000,0.0000,0.00,0.0000,0.0000,0.00
1789458486.261,0.0000,0.0000,0.00,0.0000,0.0000,0.00,0.0000,0.0000,0.00
1789458486.361,0.0000,0.0000,0.00,0.0000,0.0000,0.00,0.0000,0.0000,0.00
1789458486.461,0.0000,0.0000,0.00,0.0000,0.0000,0.00,0.0000,0.0000,0.00
1789458486.561,0.0000,0.0000,0.00,0.0000,0.0000,0.00,0.0000,0.0000,0.00
1789458486.661,0.0000,0.0000,0.00,0.0000,0.0000,0.00,0.0000,0.0000,0.00
1789458486.761,0.0000,0.0000,0.00,0.0000,0.0000,0.00,0.0000,0.0000,0.00
1789458486.861,0.0000,0.0000,0.00,0.0000,0.0000,0.00,0.0000,0.0000,0.00
1789458486.961,0.0000,0.0000,0.00,0.0000,0.0000,0.00,0.0000,0.0000,0.00
1789458487.061,0.0000,0.0000,0.00,0.0000,0.0000,0.00,0.0000,0.0000,0.00
1789458487.161,0.0000,0.0000,0.00,0.0000,0.0000,0.00,0.0000,0.0000,0.00
1789458487.261,0.0000,0.0000,0.00,0.0000,0.0000,0.00,0.0000,0.0000,0.00
1789458487.361,0.0000,0.0000,0.00,0.0000,0.0000,0.00,0.0000,0.0000,0.00
1789458487.461,0.0000,0.0000,0.00,0.0000,0.0000,0.00,0.0000,0.0000,0.00
1789458487.561,0.0000,0.0000,0.00,0.0000,0.0000,0.00,0.0000,0.0000,0.00
1789458487.661,0.0000,0.0000,0.00,0.0000,0.0000,0.00,0.0000,0.0000,0.00
1789458487.761,0.0000,0.0000,0.00,0.0000,0.0000,0.00,0.0000,0.0000,0.00
1789458487.861,0.0000,0.0000,0.00,0.0000,0.0000,0.00,0.0000,0.0000,0.00
1789458487.961,0.0000,0.0000,0.00,0.0000,0.0000,0.00,0.0000,0.0000,0.00
1789458488.061,0.0000,0.0000,0.00,0.0000,0.0000,0.00,0.0000,0.0000,0.00
1789458488.161,0.0000,0.0000,0.00,0.0000,0.0000,0.00,0.0000,0.0000,0.00
1789458488.261,0.0000,0.0000,0.00,0.0000,0.0000,0.00,0.0000,0.0000,0.00
1789458488.361,0.0000,0.0000,0.00,0.0000,0.0000,0.00,0.0000,0.0000,0.00
1789458488.461,0.0000,0.0000,0.00,0.0000,0.0000,0.00,0.0000,0.0000,0.00
1789458488.561,0.0000,0.0000,0.00,0.0000,0.0000,0.00,0.0000,0.0000,0.00
1789458488.661,0.0000,0.0000,0.00,0.0000,0.0000,0.00,0.0000,0.0000,0.00
1789458488.761,0.0000,0.0000,0.00,0.0000,0.0000,0.00,0.0000,0.0000,0.00
1789458488.861,0.0000,0.0000,0.00,0.0000,0.0000,0.00,0.0000,0.0000,0.00
1789458488.961,0.0000,0.0000,0.00,0.0000,0.0000,0.00,0.0000,0.0000,0.00
1789458489.061,0.0000,0.0000,0.00,0.0000,0.0000,0.00,0.0000,0.0000,0.00
1789458489.161,0.0000,0.0000,0.00,0.0000,0.0000,0.00,0.0000,0.0000,0.00
1789458489.261,0.0000,0.0000,0.00,0.0000,0.0000,0.00,0.0000,0.0000,0.00
1789458489.361,0.0000,0.0000,0.00,0.0000,0.0000,0.00,0.0000,0.0000,0.00
1789458489.461,0.0000,0.0000,0.00,0.0000,0.0000,0.00,0.0000,0.0000,0.00
1789458489.561,0.0000,0.0000,0.00,0.0000,0.0000,0.00,0.0000,0.0000,0.00
1789458489.661,0.0000,0.0000,0.00,0.0000,0.0000,0.00,0.0000,0.0000,0.00
1789458489.761,0.0000,0.0000,0.00,0.0000,0.0000,0.00,0.0000,0.0000,0.00
1789458489.861,0.0000,0.0000,0.00,0.0000,0.0000,0.00,0.0000,0.0000,0.00
1789458489.961,0.0000,0.0000,0.00,0.0000,0.0000,0.00,0.0000,0.0000,0.00
1789458490.061,0.0000,0.0000,0.00,0.0000,0.0000,0.00,0.0000,0.0000,0.00
1789458490.161,0.0000,0.0000,0.00,0.0000,0.0000,0.00,0.0000,0.0000,0.00
1789458490.261,0.0000,0.0000,0.00,0.0000,0.0000,0.00,0.0000,0.0000,0.00
1789458490.361,0.0000,0.0000,0.00,0.0000,0.0000,0.00,0.0000,0.0000,0.00
1789458490.461,0.0000,0.0000,0.00,0.0000,0.0000,0.00,0.0000,0.0000,0.00
1789458490.561,0.0000,0.0000,0.00,0.0000,0.0000,0.00,0.0000,0.0000,0.00
1789458490.661,0.0000,0.0000,0.00,0.0000,0.0000,0.00,0.0000,0.0000,0.00
1789458490.761,0.0000,0.0000,0.00,0.0000,0.0000,0.00,0.0000,0.0000,0.00
1789458490.861,0.0000,0.0000,0.00,0.0000,0.0000,0.00,0.0000,0.0000,0.00
1789458490.961,0.0000,0.0000,0.00,0.0000,0.0000,0.00,0.0000,0.0000,0.00
1789458491.061,0.0000,0.0000,0.00,0.0000,0.0000,0.00,0.0000,0.0000,0.00
1789458491.161,0.0000,0.0000,0.00,0.0000,0.0000,0.00,0.0000,0.0000,0.00
1789458491.261,0.0000,0.0000,0.00,0.0000,0.0000,0.00,0.0000,0.0000,0.00
1789458491.361,0.0000,0.0000,0.00,0.0000,0.0000,0.00,0.0000,0.0000,0.00
1789458491.461,0.0000,0.0000,0.00,0.0000,0.0000,0.00,0.0000,0.0000,0.00
1789458491.561,0.0000,0.0000,0.00,0.0000,0.0000,0.00,0.0000,0.0000,0.00
1789458491.661,0.0000,0.0000,0.00,0.0000,0.0000,0.00,0.0000,0.0000,0.00
1789458491.761,0.0000,0.0000,0.00,0.0000,0.0000,0.00,0.0000,0.0000,0.00
1789458491.861,0.0000,0.0000,0.00,0.0000,0.0000,0.00,0.0000,0.0000,0.00
1789458491.961,0.0000,0.0000,0.00,0.0000,0.0000,0.00,0.0000,0.0000,0.00
1789458492.061,0.0000,0.0000,0.00,0.0000,0.0000,0.00,0.0000,0.0000,0.00
1789458492.161,0.0000,0.0000,0.00,0.0000,0.0000,0.00,0.0000,0.0000,0.00
1789458492.261,0.0000,0.0000,0.00,0.0000,0.0000,0.00,0.0000,0.0000,0.00
1789458492.361,0.0000,0.0000,0.00,0.0000,0.0000,0.00,0.0000,0.0000,0.00
1789458492.461,0.0000,0.0000,0.00,0.0000,0.0000,0.00,0.0000,0.0000,0.00
1789458492.561,0.0000,0.0000,0.00,0.0000,0.0000,0.00,0.0000,0.0000,0.00
1789458492.661,0.0000,0.0000,0.00,0.0000,0.0000,0.00,0.0000,0.0000,0.00
1789458492.761,0.0000,0.0000,0.00,0.0000,0.0000,0.00,0.0000,0.0000,0.00
1789458492.861,0.0000,0.0000,0.00,0.0000,0.0000,0.00,0.0000,0.0000,0.00
1789458492.961,0.0000,0.0000,0.00,0.0000,0.0000,0.00,0.0000,0.0000,0.00
1789458493.061,0.0000,0.0000,0.00,0.0000,0.0000,0.00,0.0000,0.0000,0.00
1789458493.161,0.0000,0.0000,0.00,0.0000,0.0000,0.00,0.0000,0.0000,0.00
1789458493.261,0.0000,0.0000,0.00,0.0000,0.0000,0.00,0.0000,0.0000,0.00
1789458493.361,0.0000,0.0000,0.00,0.0000,0.0000,0.00,0.0000,0.0000,0.00
1789458493.461,0.0000,0.0000,0.00,0.0000,0.0000,0.00,0.0000,0.0000,0.00
1789458493.561,0.0000,0.0000,0.00,0.0000,0.0000,0.00,0.0000,0.0000,0.00
1789458493.661,0.0000,0.0000,0.00,0.0000,0.0000,0.00,0.0000,0.0000,0.00
1789458493.761,0.0000,0.0000,0.00,0.0000,0.0000,0.00,0.0000,0.0000,0.00
1789458493.861,0.0000,0.0000,0.00,0.0000,0.0000,0.00,0.0000,0.0000,0.00
1789458493.961,0.0000,0.0000,0.00,0.0000,0.0000,0.00,0.0000,0.0000,0.00
1789458494.061,0.0000,0.0000,0.00,0.0000,0.0000,0.00,0.0000,0.0000,0.00
1789458494.161,0.0000,0.0000,0.00,0.0000,0.0000,0.00,0.0000,0.0000,0.00
1789458494.261,0.0000,0.0000,0.00,0.0000,0.0000,0.00,0.0000,0.0000,0.00
1789458494.361,0.0000,0.0000,0.00,0.0000,0.0000,0.00,0.0000,0.0000,0.00
1789458494.461,0.0000,0.0000,0.00,0.0000,0.0000,0.00,0.0000,0.0000,0.00
1789458494.561,0.0000,0.0000,0.00,0.0000,0.0000,0.00,0.0000,0.0000,0.00
1789458494.661,0.0000,0.0000,0.00,0.0000,0.0000,0.00,0.0000,0.0000,0.00
1789458494.761,0.0000,0.0000,0.00,0.0000,0.0000,0.00,0.0000,0.0000,0.00
1789458494.861,0.0000,0.0000,0.00,0.0000,0.0000,0.00,0.0000,0.0000,0.00
1789458494.961,0.0000,0.0000,0.00,0.0000,0.0000,0.00,0.0000,0.0000,0.00
1789458495.061,0.0000,0.0000,0.00,0.0000,0.0000,0.00,0.0000,0.0000,0.00
1789458495.161,0.0000,0.0000,0.00,0.0000,0.0000,0.00,0.0000,0.0000,0.00
1789458495.261,0.0000,0.0000,0.00,0.0000,0.0000,0.00,0.0000,0.0000,0.00
1789458495.361,0.0000,0.0000,0.00,0.0000,0.0000,0.00,0.0000,0.0000,0.00
1789458495.461,0.0000,0.0000,0.00,0.0000,0.0000,0.00,0.0000,0.0000,0.00
1789458495.561,0.0000,0.0000,0.00,0.0000,0.0000,0.00,0.0000,0.0000,0.00
1789458495.661,0.0000,0.0000,0.00,0.0000,0.0000,0.00,0.0000,0.0000,0.00
1789458495.761,0.0000,0.0000,0.00,0.0000,0.0000,0.00,0.0000,0.0000,0.00
1789458495.861,0.0000,0.0000,0.00,0.0000,0.0000,0.00,0.0000,0.0000,0.00
1789458495.961,0.0000,0.0000,0.00,0.0000,0.0000,0.00,0.0000,0.0000,0.00
1789458496.061,0.0000,0.0000,0.00,0.0000,0.0000,0.00,0.0000,0.0000,0.00
1789458496.161,0.0000,0.0000,0.00,0.0000,0.0000,0.00,0.0000,0.0000,0.00
1789458496.261,0.0000,0.0000,0.00,0.0000,0.0000,0.00,0.0000,0.0000,0.00
1789458496.361,0.0000,0.0000,0.00,0.0000,0.0000,0.00,0.0000,0.0000,0.00
1789458496.461,0.0000,0.0000,0.00,0.0000,0.0000,0.00,0.0000,0.0000,0.00
1789458496.561,0.0000,0.0000,0.00,0.0000,0.0000,0.00,0.0000,0.0000,0.00
1789458496.661,0.0000,0.0000,0.00,0.0000,0.0000,0.00,0.0000,0.0000,0.00
1789458496.761,0.0000,0.0000,0.00,0.0000,0.0000,0.00,0.0000,0.0000,0.00
1789458496.861,0.0000,0.0000,0.00,0.0000,0.0000,0.00,0.0000,0.0000,0.00
1789458496.961,0.0000,0.0000,0.00,0.0000,0.0000,0.00,0.0000,0.0000,0.00
1789458497.061,0.0000,0.0000,0.00,0.0000,0.0000,0.00,0.0000,0.0000,0.00
1789458497.161,0.0000,0.0000,0.00,0.0000,0.0000,0.00,0.0000,0.0000,0.00
1789458497.261,0.0000,0.0000,0.00,0.0000,0.0000,0.00,0.0000,0.0000,0.00
1789458497.361,0.0000,0.0000,0.00,0.0000,0.0000,0.00,0.0000,0.0000,0.00
1789458497.461,0.0000,0.0000,0.00,0.0000,0.0000,0.00,0.0000,0.0000,0.00
1789458497.561,0.0000,0.0000,0.00,0.0000,0.0000,0.00,0.0000,0.0000,0.00
1789458497.661,0.0000,0.0000,0.00,0.0000,0.0000,0.00,0.0000,0.0000,0.00
1789458497.761,0.0000,0.0000,0.00,0.0000,0.0000,0.00,0.0000,0.0000,0.00
1789458497.861,0.0000,0.0000,0.00,0.0000,0.0000,0.00,0.0000,0.0000,0.00
1789458497.961,0.0000,0.0000,0.00,0.0000,0.0000,0.00,0.0000,0.0000,0.00
1789458498.061,0.0000,0.0000,0.00,0.0000,0.0000,0.00,0.0000,0.0000,0.00
1789458498.161,0.0000,0.0000,0.00,0.0000,0.0000,0.00,0.0000,0.0000,0.00
1789458498.261,0.0000,0.0000,0.00,0.0000,0.0000,0.00,0.0000,0.0000,0.00
1789458498.361,0.0000,0.0000,0.00,0.0000,0.0000,0.00,0.0000,0.0000,0.00
1789458498.461,0.0000,0.0000,0.00,0.0000,0.0000,0.00,0.0000,0.0000,0.00
1789458498.561,0.0000,0.0000,0.00,0.0000,0.0000,0.00,0.0000,0.0000,0.00
1789458498.661,0.0000,0.0000,0.00,0.0000,0.0000,0.00,0.0000,0.0000,0.00
1789458498.761,0.0000,0.0000,0.00,0.0000,0.0000,0.00,0.0000,0.0000,0.00
1789458498.861,0.0000,0.0000,0.00,0.0000,0.0000,0.00,0.0000,0.0000,0.00
1789458498.961,0.0000,0.0000,0.00,0.0000,0.0000,0.00,0.0000,0.0000,0.00
1789458499.061,0.0000,0.0000,0.00,0.0000,0.0000,0.00,0.0000,0.0000,0.00
1789458499.161,0.0000,0.0000,0.00,0.0000,0.0000,0.00,0.0000,0.0000,0.00
1789458499.261,0.0000,0.0000,0.00,0.0000,0.0000,0.00,0.0000,0.0000,0.00
1789458499.361,0.0000,0.0000,0.00,0.0000,0.0000,0.00,0.0000,0.0000,0.00
1789458499.461,0.0000,0.0000,0.00,0.0000,0.0000,0.00,0.0000,0.0000,0.00
1789458499.561,0.0000,0.0000,0.00,0.0000,0.0000,0.00,0.0000,0.0000,0.00
1789458499.661,0.0000,0.0000,0.00,0.0000,0.0000,0.00,0.0000,0.0000,0.00
1789458499.761,0.0000,0.0000,0.00,0.0000,0.0000,0.00,0.0000,0.0000,0.00
1789458499.861,0.0000,0.0000,0.00,0.0000,0.0000,0.00,0.0000,0.0000,0.00
1789458499.961,0.0000,0.0000,0.00,0.0000,0.0000,0.00,0.0000,0.0000,0.00
1789458500.061,0.0000,0.0000,0.00,0.0000,0.0000,0.00,0.0000,0.0000,0.00
1789458500.161,0.0000,0.0000,0.00,0.0000,0.0000,0.00,0.0000,0.0000,0.00
1789458500.261,0.0000,0.0000,0.00,0.0000,0.0000,0.00,0.0000,0.0000,0.00
1789458500.361,0.0000,0.0000,0.00,0.0000,0.0000,0.00,0.0000,0.0000,0.00
1789458500.461,0.0000,0.0000,0.00,0.0000,0.0000,0.00,0.0000,0.0000,0.00
1789458500.561,0.0000,0.0000,0.00,0.0000,0.0000,0.00,0.0000,0.0000,0.00
1789458500.661,0.0000,0.0000,0.00,0.0000,0.0000,0.00,0.0000,0.0000,0.00
1789458500.761,0.0000,0.0000,0.00,0.0000,0.0000,0.00,0.0000,0.0000,0.00
1789458500.861,0.0000,0.0000,0.00,0.0000,0.0000,0.00,0.0000,0.0000,0.00
1789458500.961,0.0000,0.0000,0.00,0.0000,0.0000,0.00,0.0000,0.0000,0.00
1789458501.061,0.0000,0.0000,0.00,0.0000,0.0000,0.00,0.0000,0.0000,0.00
1789458501.161,0.0000,0.0000,0.00,0.0000,0.0000,0.00,0.0000,0.0000,0.00
1789458501.261,0.0000,0.0000,0.00,0.0000,0.0000,0.00,0.0000,0.0000,0.00
1789458501.361,0.0000,0.0000,0.00,0.0000,0.0000,0.00,0.0000,0.0000,0.00
1789458501.461,0.0000,0.0000,0.00,0.0000,0.0000,0.00,0.0000,0.0000,0.00
1789458501.561,0.0000,0.0000,0.00,0.0000,0.0000,0.00,0.0000,0.0000,0.00
1789458501.661,0.0000,0.0000,0.00,0.0000,0.0000,0.00,0.0000,0.0000,0.00
1789458501.761,0.0000,0.0000,0.00,0.0000,0.0000,0.00,0.0000,0.0000,0.00
1789458501.861,0.0000,0.0000,0.00,0.0000,0.0000,0.00,0.0000,0.0000,0.00
1789458501.961,0.0000,0.0000,0.00,0.0000,0.0000,0.00,0.0000,0.0000,0.00
1789458502.061,0.0000,0.0000,0.00,0.0000,0.0000,0.00,0.0000,0.0000,0.00
1789458502.161,0.0000,0.0000,0.00,0.0000,0.0000,0.00,0.0000,0.0000,0.00
1789458502.261,0.0000,0.0000,0.00,0.0000,0.0000,0.00,0.0000,0.0000,0.00
1789458502.361,0.0000,0.0000,0.00,0.0000,0.0000,0.00,0.0000,0.0000,0.00
1789458502.461,0.0000,0.0000,0.00,0.0000,0.0000,0.00,0.0000,0.0000,0.00
1789458502.561,0.0000,0.0000,0.00,0.0000,0.0000,0.00,0.0000,0.0000,0.00
1789458502.661,0.0000,0.0000,0.00,0.0000,0.0000,0.00,0.0000,0.0000,0.00
1789458502.761,0.0000,0.0000,0.00,0.0000,0.0000,0.00,0.0000,0.0000,0.00
1789458502.861,0.0000,0.0000,0.00,0.0000,0.0000,0.00,0.0000,0.0000,0.00
1789458502.961,0.0000,0.0000,0.00,0.0000,0.0000,0.00,0.0000,0.0000,0.00
1789458503.061,0.0000,0.0000,0.00,0.0000,0.0000,0.00,0.0000,0.0000,0.00
1789458503.161,0.0000,0.0000,0.00,0.0000,0.0000,0.00,0.0000,0.0000,0.00
1789458503.261,0.0000,0.0000,0.00,0.0000,0.0000,0.00,0.0000,0.0000,0.00
1789458503.361,0.0000,0.0000,0.00,0.0000,0.0000,0.00,0.0000,0.0000,0.00
1789458503.461,0.0000,0.0000,0.00,0.0000,0.0000,0.00,0.0000,0.0000,0.00
1789458503.561,0.0000,0.0000,0.00,0.0000,0.0000,0.00,0.0000,0.0000,0.00
1789458503.661,0.0000,0.0000,0.00,0.0000,0.0000,0.00,0.0000,0.0000,0.00
1789458503.761,0.0000,0.0000,0.00,0.0000,0.0000,0.00,0.0000,0.0000,0.00
1789458503.861,0.0000,0.0000,0.00,0.0000,0.0000,0.00,0.0000,0.0000,0.00
1789458503.961,0.0000,0.0000,0.00,0.0000,0.0000,0.00,0.0000,0.0000,0.00
1789458504.061,0.0000,0.0000,0.00,0.0000,0.0000,0.00,0.0000,0.0000,0.00
1789458504.161,0.0000,0.0000,0.00,0.0000,0.0000,0.00,0.0000,0.0000,0.00
1789458504.261,0.0000,0.0000,0.00,0.0000,0.0000,0.00,0.0000,0.0000,0.00
1789458504.361,0.0000,0.0000,0.00,0.0000,0.0000,0.00,0.0000,0.0000,0.00
1789458504.461,0.0000,0.0000,0.00,0.0000,0.0000,0.00,0.0000,0.0000,0.00
1789458504.561,0.0000,0.0000,0.00,0.0000,0.0000,0.00,0.0000,0.0000,0.00
1789458504.661,0.0000,0.0000,0.00,0.0000,0.0000,0.00,0.0000,0.0000,0.00
1789458504.761,0.0000,0.0000,0.00,0.0000,0.0000,0.00,0.0000,0.0000,0.00
1789458504.861,0.0000,0.0000,0.00,0.0000,0.0000,0.00,0.0000,0.0000,0.00
1789458504.961,0.0000,0.0000,0.00,0.0000,0.0000,0.00,0.0000,0.0000,0.00
1789458505.061,0.0000,0.0000,0.00,0.0000,0.0000,0.00,0.0000,0.0000,0.00
1789458505.161,0.0000,0.0000,0.00,0.0000,0.0000,0.00,0.0000,0.0000,0.00
1789458505.261,0.0000,0.0000,0.00,0.0000,0.0000,0.00,0.0000,0.0000,0.00
1789458505.361,0.0000,0.0000,0.00,0.0000,0.0000,0.00,0.0000,0.0000,0.00
1789458505.461,0.0000,0.0000,0.00,0.0000,0.0000,0.00,0.0000,0.0000,0.00
1789458505.561,0.0000,0.0000,0.00,0.0000,0.0000,0.00,0.0000,0.0000,0.00
1789458505.661,0.0000,0.0000,0.00,0.0000,0.0000,0.00,0.0000,0.0000,0.00
1789458505.761,0.0000,0.0000,0.00,0.0000,0.0000,0.00,0.0000,0.0000,0.00
1789458505.861,0.0000,0.0000,0.00,0.0000,0.0000,0.00,0.0000,0.0000,0.00
1789458505.961,0.0000,0.0000,0.00,0.0000,0.0000,0.00,0.0000,0.0000,0.00
1789458506.061,0.0000,0.0000,0.00,0.0000,0.0000,0.00,0.0000,0.0000,0.00
1789458506.161,0.0000,0.0000,0.00,0.0000,0.0000,0.00,0.0000,0.0000,0.00
1789458506.261,0.0000,0.0000,0.00,0.0000,0.0000,0.00,0.0000,0.0000,0.00
1789458506.361,0.0000,0.0000,0.00,0.0000,0.0000,0.00,0.0000,0.0000,0.00
1789458506.461,0.0000,0.0000,0.00,0.0000,0.0000,0.00,0.0000,0.0000,0.00
1789458506.561,0.0000,0.0000,0.00,0.0000,0.0000,0.00,0.0000,0.0000,0.00
1789458506.661,0.0000,0.0000,0.00,0.0000,0.0000,0.00,0.0000,0.0000,0.00
1789458506.761,0.0000,0.0000,0.00,0.0000,0.0000,0.00,0.0000,0.0000,0.00
1789458506.861,0.0000,0.0000,0.00,0.0000,0.0000,0.00,0.0000,0.0000,0.00
1789458506.961,0.0000,0.0000,0.00,0.0000,0.0000,0.00,0.0000,0.0000,0.00
1789458507.061,0.0000,0.0000,0.00,0.0000,0.0000,0.00,0.0000,0.0000,0.00
1789458507.161,0.0000,0.0000,0.00,0.0000,0.0000,0.00,0.0000,0.0000,0.00
1789458507.261,0.0000,0.0000,0.00,0.0000,0.0000,0.00,0.0000,0.0000,0.00
1789458507.361,0.0000,0.0000,0.00,0.0000,0.0000,0.00,0.0000,0.0000,0.00
1789458507.461,0.0000,0.0000,0.00,0.0000,0.0000,0.00,0.0000,0.0000,0.00
1789458507.561,0.0000,0.0000,0.00,0.0000,0.0000,0.00,0.0000,0.0000,0.00
1789458507.661,0.0000,0.0000,0.00,0.0000,0.0000,0.00,0.0000,0.0000,0.00
1789458507.761,0.0000,0.0000,0.00,0.0000,0.0000,0.00,0.0000,0.0000,0.00
1789458507.861,0.0000,0.0000,0.00,0.0000,0.0000,0.00,0.0000,0.0000,0.00
1789458507.961,0.0000,0.0000,0.00,0.0000,0.0000,0.00,0.0000,0.0000,0.00
1789458508.061,0.0000,0.0000,0.00,0.0000,0.0000,0.00,0.0000,0.0000,0.00
1789458508.161,0.0000,0.0000,0.00,0.0000,0.0000,0.00,0.0000,0.0000,0.00
1789458508.261,0.0000,0.0000,0.00,0.0000,0.0000,0.00,0.0000,0.0000,0.00
1789458508.361,0.0000,0.0000,0.00,0.0000,0.0000,0.00,0.0000,0.0000,0.00
1789458508.461,0.0000,0.0000,0.00,0.0000,0.0000,0.00,0.0000,0.0000,0.00
1789458508.561,0.0000,0.0000,0.00,0.0000,0.0000,0.00,0.0000,0.0000,0.00
1789458508.661,0.0000,0.0000,0.00,0.0000,0.0000,0.00,0.0000,0.0000,0.00
1789458508.761,0.0000,0.0000,0.00,0.0000,0.0000,0.00,0.0000,0.0000,0.00
1789458508.861,0.0000,0.0000,0.00,0.0000,0.0000,0.00,0.0000,0.0000,0.00
1789458508.961,0.0000,0.0000,0.00,0.0000,0.0000,0.00,0.0000,0.0000,0.00
1789458509.061,0.0000,0.0000,0.00,0.0000,0.0000,0.00,0.0000,0.0000,0.00
1789458509.161,0.0000,0.0000,0.00,0.0000,0.0000,0.00,0.0000,0.0000,0.00
1789458509.261,0.0000,0.0000,0.00,0.0000,0.0000,0.00,0.0000,0.0000,0.00
1789458509.361,0.0000,0.0000,0.00,0.0000,0.0000,0.00,0.0000,0.0000,0.00
1789458509.461,0.0000,0.0000,0.00,0.0000,0.0000,0.00,0.0000,0.0000,0.00
1789458509.561,0.0000,0.0000,0.00,0.0000,0.0000,0.00,0.0000,0.0000,0.00
1789458509.661,0.0000,0.0000,0.00,0.0000,0.0000,0.00,0.0000,0.0000,0.00
1789458509.761,0.0000,0.0000,0.00,0.0000,0.0000,0.00,0.0000,0.0000,0.00
1789458509.861,0.0000,0.0000,0.00,0.0000,0.0000,0.00,0.0000,0.0000,0.00
1789458509.961,0.0000,0.0000,0.00,0.0000,0.0000,0.00,0.0000,0.0000,0.00
1789458510.061,0.0000,0.0000,0.00,0.0000,0.0000,0.00,0.0000,0.0000,0.00
1789458510.161,0.0000,0.0000,0.00,0.0000,0.0000,0.00,0.0000,0.0000,0.00
1789458510.261,0.0000,0.0000,0.00,0.0000,0.0000,0.00,0.0000,0.0000,0.00
1789458510.361,0.0000,0.0000,0.00,0.0000,0.0000,0.00,0.0000,0.0000,0.00
1789458510.461,0.0000,0.0000,0.00,0.0000,0.0000,0.00,0.0000,0.0000,0.00
1789458510.561,0.0000,0.0000,0.00,0.0000,0.0000,0.00,0.0000,0.0000,0.00
1789458510.661,0.0000,0.0000,0.00,0.0000,0.0000,0.00,0.0000,0.0000,0.00
1789458510.761,0.0000,0.0000,0.00,0.0000,0.0000,0.00,0.0000,0.0000,0.00
1789458510.861,0.0000,0.0000,0.00,0.0000,0.0000,0.00,0.0000,0.0000,0.00
1789458510.961,0.0000,0.0000,0.00,0.0000,0.0000,0.00,0.0000,0.0000,0.00
1789458511.061,0.0000,0.0000,0.00,0.0000,0.0000,0.00,0.0000,0.0000,0.00
1789458511.161,0.0000,0.0000,0.00,0.0000,0.0000,0.00,0.0000,0.0000,0.00
1789458511.261,0.0000,0.0000,0.00,0.0000,0.0000,0.00,0.0000,0.0000,0.00
1789458511.361,0.0000,0.0000,0.00,0.0000,0.0000,0.00,0.0000,0.0000,0.00
1789458511.461,0.0000,0.0000,0.00,0.0000,0.0000,0.00,0.0000,0.0000,0.00
1789458511.561,0.0000,0.0000,0.00,0.0000,0.0000,0.00,0.0000,0.0000,0.00
1789458511.661,0.0000,0.0000,0.00,0.0000,0.0000,0.00,0.0000,0.0000,0.00
1789458511.761,0.0000,0.0000,0.00,0.0000,0.0000,0.00,0.0000,0.0000,0.00
1789458511.861,0.0000,0.0000,0.00,0.0000,0.0000,0.00,0.0000,0.0000,0.00
1789458511.961,0.0000,0.0000,0.00,0.0000,0.0000,0.00,0.0000,0.0000,0.00
1789458512.061,0.0000,0.0000,0.00,0.0000,0.0000,0.00,0.0000,0.0000,0.00
1789458512.161,0.0000,0.0000,0.00,0.0000,0.0000,0.00,0.0000,0.0000,0.00
1789458512.261,0.0000,0.0000,0.00,0.0000,0.0000,0.00,0.0000,0.0000,0.00
1789458512.361,0.0000,0.0000,0.00,0.0000,0.0000,0.00,0.0000,0.0000,0.00
1789458512.461,0.0000,0.0000,0.00,0.0000,0.0000,0.00,0.0000,0.0000,0.00
1789458512.561,0.0000,0.0000,0.00,0.0000,0.0000,0.00,0.0000,0.0000,0.00
1789458512.661,0.0000,0.0000,0.00,0.0000,0.0000,0.00,0.0000,0.0000,0.00
1789458512.761,0.0000,0.0000,0.00,0.0000,0.0000,0.00,0.0000,0.0000,0.00
1789458512.861,0.0000,0.0000,0.00,0.0000,0.0000,0.00,0.0000,0.0000,0.00
1789458512.961,0.0000,0.0000,0.00,0.0000,0.0000,0.00,0.0000,0.0000,0.00
1789458513.061,0.0000,0.0000,0.00,0.0000,0.0000,0.00,0.0000,0.0000,0.00
1789458513.161,0.0000,0.0000,0.00,0.0000,0.0000,0.00,0.0000,0.0000,0.00
1789458513.261,0.0000,0.0000,0.00,0.0000,0.0000,0.00,0.0000,0.0000,0.00
1789458513.361,0.0000,0.0000,0.00,0.0000,0.0000,0.00,0.0000,0.0000,0.00
1789458513.461,0.0000,0.0000,0.00,0.0000,0.0000,0.00,0.0000,0.0000,0.00
1789458513.561,0.0000,0.0000,0.00,0.0000,0.0000,0.00,0.0000,0.0000,0.00
1789458513.661,0.0000,0.0000,0.00,0.0000,0.0000,0.00,0.0000,0.0000,0.00
1789458513.761,0.0000,0.0000,0.00,0.0000,0.0000,0.00,0.0000,0.0000,0.00
1789458513.861,0.0000,0.0000,0.00,0.0000,0.0000,0.00,0.0000,0.0000,0.00
1789458513.961,0.0000,0.0000,0.00,0.0000,0.0000,0.00,0.0000,0.0000,0.00
1789458514.061,0.0000,0.0000,0.00,0.0000,0.0000,0.00,0.0000,0.0000,0.00
1789458514.161,0.0000,0.0000,0.00,0.0000,0.0000,0.00,0.0000,0.0000,0.00
1789458514.261,0.0000,0.0000,0.00,0.0000,0.0000,0.00,0.0000,0.0000,0.00
1789458514.361,0.0000,0.0000,0.00,0.0000,0.0000,0.00,0.0000,0.0000,0.00
1789458514.461,0.0000,0.0000,0.00,0.0000,0.0000,0.00,0.0000,0.0000,0.00
1789458514.561,0.0000,0.0000,0.00,0.0000,0.0000,0.00,0.0000,0.0000,0.00
1789458514.661,0.0000,0.0000,0.00,0.0000,0.0000,0.00,0.0000,0.0000,0.00
1789458514.761,0.0000,0.0000,0.00,0.0000,0.0000,0.00,0.0000,0.0000,0.00
1789458514.861,0.0000,0.0000,0.00,0.0000,0.0000,0.00,0.0000,0.0000,0.00
1789458514.961,0.0000,0.0000,0.00,0.0000,0.0000,0.00,0.0000,0.0000,0.00
1789458515.061,0.0000,0.0000,0.00,0.0000,0.0000,0.00,0.0000,0.0000,0.00
1789458515.161,0.0000,0.0000,0.00,0.0000,0.0000,0.00,0.0000,0.0000,0.00
1789458515.261,0.0000,0.0000,0.00,0.0000,0.0000,0.00,0.0000,0.0000,0.00
1789458515.361,0.0000,0.0000,0.00,0.0000,0.0000,0.00,0.0000,0.0000,0.00
1789458515.461,0.0000,0.0000,0.00,0.0000,0.0000,0.00,0.0000,0.0000,0.00
1789458515.561,0.0000,0.0000,0.00,0.0000,0.0000,0.00,0.0000,0.0000,0.00
1789458515.661,0.0000,0.0000,0.00,0.0000,0.0000,0.00,0.0000,0.0000,0.00
1789458515.761,0.0000,0.0000,0.00,0.0000,0.0000,0.00,0.0000,0.0000,0.00
1789458515.861,0.0000,0.0000,0.00,0.0000,0.0000,0.00,0.0000,0.0000,0.00
1789458515.961,0.0000,0.0000,0.00,0.0000,0.0000,0.00,0.0000,0.0000,0.00
1789458516.061,0.0000,0.0000,0.00,0.0000,0.0000,0.00,0.0000,0.0000,0.00
1789458516.161,0.0000,0.0000,0.00,0.0000,0.0000,0.00,0.0000,0.0000,0.00
1789458516.261,0.0000,0.0000,0.00,0.0000,0.0000,0.00,0.0000,0.0000,0.00
1789458516.361,0.0000,0.0000,0.00,0.0000,0.0000,0.00,0.0000,0.0000,0.00
1789458516.461,0.0000,0.0000,0.00,0.0000,0.0000,0.00,0.0000,0.0000,0.00
1789458516.561,0.0000,0.0000,0.00,0.0000,0.0000,0.00,0.0000,0.0000,0.00
1789458516.661,0.0000,0.0000,0.00,0.0000,0.0000,0.00,0.0000,0.0000,0.00
1789458516.761,0.0000,0.0000,0.00,0.0000,0.0000,0.00,0.0000,0.0000,0.00
1789458516.861,0.0000,0.0000,0.00,0.0000,0.0000,0.00,0.0000,0.0000,0.00
1789458516.961,0.0000,0.0000,0.00,0.0000,0.0000,0.00,0.0000,0.0000,0.00
1789458517.061,0.0000,0.0000,0.00,0.0000,0.0000,0.00,0.0000,0.0000,0.00
1789458517.161,0.0000,0.0000,0.00,0.0000,0.0000,0.00,0.0000,0.0000,0.00
1789458517.261,0.0000,0.0000,0.00,0.0000,0.0000,0.00,0.0000,0.0000,0.00
1789458517.361,0.0000,0.0000,0.00,0.0000,0.0000,0.00,0.0000,0.0000,0.00
1789458517.461,0.0000,0.0000,0.00,0.0000,0.0000,0.00,0.0000,0.0000,0.00
1789458517.561,0.0000,0.0000,0.00,0.0000,0.0000,0.00,0.0000,0.0000,0.00
1789458517.661,0.0000,0.0000,0.00,0.0000,0.0000,0.00,0.0000,0.0000,0.00
1789458517.761,0.0000,0.0000,0.00,0.0000,0.0000,0.00,0.0000,0.0000,0.00
1789458517.861,0.0000,0.0000,0.00,0.0000,0.0000,0.00,0.0000,0.0000,0.00
1789458517.961,0.0000,0.0000,0.00,0.0000,0.0000,0.00,0.0000,0.0000,0.00
1789458518.061,0.0000,0.0000,0.00,0.0000,0.0000,0.00,0.0000,0.0000,0.00
1789458518.161,0.0000,0.0000,0.00,0.0000,0.0000,0.00,0.0000,0.0000,0.00
1789458518.261,0.0000,0.0000,0.00,0.0000,0.0000,0.00,0.0000,0.0000,0.00
1789458518.361,0.0000,0.0000,0.00,0.0000,0.0000,0.00,0.0000,0.0000,0.00
1789458518.461,0.0000,0.0000,0.00,0.0000,0.0000,0.00,0.0000,0.0000,0.00
1789458518.561,0.0000,0.0000,0.00,0.0000,0.0000,0.00,0.0000,0.0000,0.00
1789458518.661,0.0000,0.0000,0.00,0.0000,0.0000,0.00,0.0000,0.0000,0.00
1789458518.761,0.0000,0.0000,0.00,0.0000,0.0000,0.00,0.0000,0.0000,0.00
1789458518.861,0.0000,0.0000,0.00,0.0000,0.0000,0.00,0.0000,0.0000,0.00
1789458518.961,0.0000,0.0000,0.00,0.0000,0.0000,0.00,0.0000,0.0000,0.00
1789458519.061,0.0000,0.0000,0.00,0.0000,0.0000,0.00,0.0000,0.0000,0.00
1789458519.161,0.0000,0.0000,0.00,0.0000,0.0000,0.00,0.0000,0.0000,0.00
1789458519.261,0.0000,0.0000,0.00,0.0000,0.0000,0.00,0.0000,0.0000,0.00
1789458519.361,0.0000,0.0000,0.00,0.0000,0.0000,0.00,0.0000,0.0000,0.00
1789458519.461,0.0000,0.0000,0.00,0.0000,0.0000,0.00,0.0000,0.0000,0.00
1789458519.561,0.0000,0.0000,0.00,0.0000,0.0000,0.00,0.0000,0.0000,0.00
1789458519.661,0.0000,0.0000,0.00,0.0000,0.0000,0.00,0.0000,0.0000,0.00
1789458519.761,0.0000,0.0000,0.00,0.0000,0.0000,0.00,0.0000,0.0000,0.00
1789458519.861,0.0000,0.0000,0.00,0.0000,0.0000,0.00,0.0000,0.0000,0.00
1789458519.961,0.0000,0.0000,0.00,0.0000,0.0000,0.00,0.0000,0.0000,0.00
1789458520.061,0.0000,0.0000,0.00,0.0000,0.0000,0.00,0.0000,0.0000,0.00
1789458520.161,0.0000,0.0000,0.00,0.0000,0.0000,0.00,0.0000,0.0000,0.00
1789458520.261,0.0000,0.0000,0.00,0.0000,0.0000,0.00,0.0000,0.0000,0.00
1789458520.361,0.0000,0.0000,0.00,0.0000,0.0000,0.00,0.0000,0.0000,0.00
1789458520.461,0.0000,0.0000,0.00,0.0000,0.0000,0.00,0.0000,0.0000,0.00
1789458520.561,0.0000,0.0000,0.00,0.0000,0.0000,0.00,0.0000,0.0000,0.00
1789458520.661,0.0000,0.0000,0.00,0.0000,0.0000,0.00,0.0000,0.0000,0.00
1789458520.761,0.0000,0.0000,0.00,0.0000,0.0000,0.00,0.0000,0.0000,0.00
1789458520.861,0.0000,0.0000,0.00,0.0000,0.0000,0.00,0.0000,0.0000,0.00
1789458520.961,0.0000,0.0000,0.00,0.0000,0.0000,0.00,0.0000,0.0000,0.00
1789458521.061,0.0000,0.0000,0.00,0.0000,0.0000,0.00,0.0000,0.0000,0.00
1789458521.161,0.0000,0.0000,0.00,0.0000,0.0000,0.00,0.0000,0.0000,0.00
1789458521.261,0.0000,0.0000,0.00,0.0000,0.0000,0.00,0.0000,0.0000,0.00
1789458521.361,0.0000,0.0000,0.00,0.0000,0.0000,0.00,0.0000,0.0000,0.00
1789458521.461,0.0000,0.0000,0.00,0.0000,0.0000,0.00,0.0000,0.0000,0.00
1789458521.561,0.0000,0.0000,0.00,0.0000,0.0000,0.00,0.0000,0.0000,0.00
1789458521.661,0.0000,0.0000,0.00,0.0000,0.0000,0.00,0.0000,0.0000,0.00
1789458521.761,0.0000,0.0000,0.00,0.0000,0.0000,0.00,0.0000,0.0000,0.00
1789458521.861,0.0000,0.0000,0.00,0.0000,0.0000,0.00,0.0000,0.0000,0.00
1789458521.961,0.0000,0.0000,0.00,0.0000,0.0000,0.00,0.0000,0.0000,0.00
1789458522.061,0.0000,0.0000,0.00,0.0000,0.0000,0.00,0.0000,0.0000,0.00
1789458522.161,0.0000,0.0000,0.00,0.0000,0.0000,0.00,0.0000,0.0000,0.00
1789458522.261,0.0000,0.0000,0.00,0.0000,0.0000,0.00,0.0000,0.0000,0.00
1789458522.361,0.0000,0.0000,0.00,0.0000,0.0000,0.00,0.0000,0.0000,0.00
1789458522.461,0.0000,0.0000,0.00,0.0000,0.0000,0.00,0.0000,0.0000,0.00
1789458522.561,0.0000,0.0000,0.00,0.0000,0.0000,0.00,0.0000,0.0000,0.00
1789458522.661,0.0000,0.0000,0.00,0.0000,0.0000,0.00,0.0000,0.0000,0.00
1789458522.761,0.0000,0.0000,0.00,0.0000,0.0000,0.00,0.0000,0.0000,0.00
1789458522.861,0.0000,0.0000,0.00,0.0000,0.0000,0.00,0.0000,0.0000,0.00
1789458522.961,0.0000,0.0000,0.00,0.0000,0.0000,0.00,0.0000,0.0000,0.00
1789458523.061,0.0000,0.0000,0.00,0.0000,0.0000,0.00,0.0000,0.0000,0.00
1789458523.161,0.0000,0.0000,0.00,0.0000,0.0000,0.00,0.0000,0.0000,0.00
1789458523.261,0.0000,0.0000,0.00,0.0000,0.0000,0.00,0.0000,0.0000,0.00
1789458523.361,0.0000,0.0000,0.00,0.0000,0.0000,0.00,0.0000,0.0000,0.00
1789458523.461,0.0000,0.0000,0.00,0.0000,0.0000,0.00,0.0000,0.0000,0.00
1789458523.561,0.0000,0.0000,0.00,0.0000,0.0000,0.00,0.0000,0.0000,0.00
1789458523.661,0.0000,0.0000,0.00,0.0000,0.0000,0.00,0.0000,0.0000,0.00
1789458523.761,0.0000,0.0000,0.00,0.0000,0.0000,0.00,0.0000,0.0000,0.00
1789458523.861,0.0000,0.0000,0.00,0.0000,0.0000,0.00,0.0000,0.0000,0.00
1789458523.961,0.0000,0.0000,0.00,0.0000,0.0000,0.00,0.0000,0.0000,0.00
1789458524.061,0.0000,0.0000,0.00,0.0000,0.0000,0.00,0.0000,0.0000,0.00
1789458524.161,0.0000,0.0000,0.00,0.0000,0.0000,0.00,0.0000,0.0000,0.00
1789458524.261,0.0000,0.0000,0.00,0.0000,0.0000,0.00,0.0000,0.0000,0.00
1789458524.361,0.0000,0.0000,0.00,0.0000,0.0000,0.00,0.0000,0.0000,0.00
1789458524.461,0.0000,0.0000,0.00,0.0000,0.0000,0.00,0.0000,0.0000,0.00
1789458524.561,0.0000,0.0000,0.00,0.0000,0.0000,0.00,0.0000,0.0000,0.00
1789458524.661,0.0000,0.0000,0.00,0.0000,0.0000,0.00,0.0000,0.0000,0.00
1789458524.761,0.0000,0.0000,0.00,0.0000,0.0000,0.00,0.0000,0.0000,0.00
1789458524.861,0.0000,0.0000,0.00,0.0000,0.0000,0.00,0.0000,0.0000,0.00
1789458524.961,0.0000,0.0000,0.00,0.0000,0.0000,0.00,0.0000,0.0000,0.00
1789458525.061,0.0000,0.0000,0.00,0.0000,0.0000,0.00,0.0000,0.0000,0.00
1789458525.161,0.0000,0.0000,0.00,0.0000,0.0000,0.00,0.0000,0.0000,0.00
1789458525.261,0.0000,0.0000,0.00,0.0000,0.0000,0.00,0.0000,0.0000,0.00
1789458525.361,0.0000,0.0000,0.00,0.0000,0.0000,0.00,0.0000,0.0000,0.00
1789458525.461,0.0000,0.0000,0.00,0.0000,0.0000,0.00,0.0000,0.0000,0.00
1789458525.561,0.0000,0.0000,0.00,0.0000,0.0000,0.00,0.0000,0.0000,0.00
1789458525.661,0.0000,0.0000,0.00,0.0000,0.0000,0.00,0.0000,0.0000,0.00
1789458525.761,0.0000,0.0000,0.00,0.0000,0.0000,0.00,0.0000,0.0000,0.00
1789458525.861,0.0000,0.0000,0.00,0.0000,0.0000,0.00,0.0000,0.0000,0.00
1789458525.961,0.0000,0.0000,0.00,0.0000,0.0000,0.00,0.0000,0.0000,0.00
1789458526.061,0.0000,0.0000,0.00,0.0000,0.0000,0.00,0.0000,0.0000,0.00
1789458526.161,0.0000,0.0000,0.00,0.0000,0.0000,0.00,0.0000,0.0000,0.00
1789458526.261,0.0000,0.0000,0.00,0.0000,0.0000,0.00,0.0000,0.0000,0.00
1789458526.361,0.0000,0.0000,0.00,0.0000,0.0000,0.00,0.0000,0.0000,0.00
1789458526.461,0.0000,0.0000,0.00,0.0000,0.0000,0.00,0.0000,0.0000,0.00
1789458526.561,0.0000,0.0000,0.00,0.0000,0.0000,0.00,0.0000,0.0000,0.00
1789458526.661,0.0000,0.0000,0.00,0.0000,0.0000,0.00,0.0000,0.0000,0.00
1789458526.761,0.0000,0.0000,0.00,0.0000,0.0000,0.00,0.0000,0.0000,0.00
1789458526.861,0.0000,0.0000,0.00,0.0000,0.0000,0.00,0.0000,0.0000,0.00
1789458526.961,0.0000,0.0000,0.00,0.0000,0.0000,0.00,0.0000,0.0000,0.00
1789458527.061,0.0000,0.0000,0.00,0.0000,0.0000,0.00,0.0000,0.0000,0.00
1789458527.161,0.0000,0.0000,0.00,0.0000,0.0000,0.00,0.0000,0.0000,0.00
1789458527.261,0.0000,0.0000,0.00,0.0000,0.0000,0.00,0.0000,0.0000,0.00
1789458527.361,0.0000,0.0000,0.00,0.0000,0.0000,0.00,0.0000,0.0000,0.00
1789458527.461,0.0000,0.0000,0.00,0.0000,0.0000,0.00,0.0000,0.0000,0.00
1789458527.561,0.0000,0.0000,0.00,0.0000,0.0000,0.00,0.0000,0.0000,0.00
1789458527.661,0.0000,0.0000,0.00,0.0000,0.0000,0.00,0.0000,0.0000,0.00
1789458527.761,0.0000,0.0000,0.00,0.0000,0.0000,0.00,0.0000,0.0000,0.00
1789458527.861,0.0000,0.0000,0.00,0.0000,0.0000,0.00,0.0000,0.0000,0.00
1789458527.961,0.0000,0.0000,0.00,0.0000,0.0000,0.00,0.0000,0.0000,0.00
1789458528.061,0.0000,0.0000,0.00,0.0000,0.0000,0.00,0.0000,0.0000,0.00
1789458528.161,0.0000,0.0000,0.00,0.0000,0.0000,0.00,0.0000,0.0000,0.00
1789458528.261,0.0000,0.0000,0.00,0.0000,0.0000,0.00,0.0000,0.0000,0.00
1789458528.361,0.0000,0.0000,0.00,0.0000,0.0000,0.00,0.0000,0.0000,0.00
1789458528.461,0.0000,0.0000,0.00,0.0000,0.0000,0.00,0.0000,0.0000,0.00
1789458528.561,0.0000,0.0000,0.00,0.0000,0.0000,0.00,0.0000,0.0000,0.00
1789458528.661,0.0000,0.0000,0.00,0.0000,0.0000,0.00,0.0000,0.0000,0.00
1789458528.761,0.0000,0.0000,0.00,0.0000,0.0000,0.00,0.0000,0.0000,0.00
1789458528.861,0.0000,0.0011,-0.17,0.0000,0.0011,-0.17,0.0000,0.0000,0.00
1789458528.961,0.0004,0.0066,-0.83,0.0004,0.0066,-0.83,0.0000,0.0000,0.00
1789458529.061,0.0009,0.0164,-1.97,0.0009,0.0164,-1.97,0.0000,0.0000,0.00
1789458529.161,0.0012,0.0270,-3.15,0.0012,0.0270,-3.15,0.0000,0.0000,0.00
1789458529.261,0.0017,0.0373,-4.31,0.0017,0.0373,-4.31,0.0000,0.0000,0.00
1789458529.361,0.0027,0.0476,-5.48,0.0027,0.0476,-5.48,0.0000,0.0000,0.00
1789458529.461,0.0037,0.0578,-6.63,0.0037,0.0578,-6.63,0.0000,0.0000,0.00
1789458529.561,0.0050,0.0678,-7.79,0.0050,0.0678,-7.79,0.0000,0.0000,0.00
1789458529.661,0.0066,0.0778,-8.96,0.0066,0.0778,-8.96,0.0000,0.0000,0.00
1789458529.761,0.0082,0.0878,-10.12,0.0082,0.0878,-10.12,0.0000,0.0000,0.00
1789458529.861,0.0101,0.0977,-11.27,0.0101,0.0977,-11.27,0.0000,0.0000,0.00
1789458529.961,0.0123,0.1077,-12.44,0.0123,0.1077,-12.44,0.0000,0.0000,0.00
1789458530.061,0.0146,0.1175,-13.59,0.0146,0.1175,-13.59,0.0000,0.0000,0.00
1789458530.161,0.0170,0.1274,-14.75,0.0170,0.1274,-14.75,0.0000,0.0000,0.00
1789458530.261,0.0197,0.1373,-15.92,0.0197,0.1373,-15.92,0.0000,0.0000,0.00
1789458530.361,0.0224,0.1473,-17.09,0.0224,0.1473,-17.09,0.0000,0.0000,0.00
1789458530.461,0.0254,0.1569,-18.23,0.0254,0.1569,-18.23,0.0000,0.0000,0.00
1789458530.561,0.0285,0.1665,-19.38,0.0285,0.1665,-19.38,0.0000,0.0000,0.00
1789458530.661,0.0320,0.1760,-20.52,0.0320,0.1760,-20.52,0.0000,0.0000,0.00
1789458530.761,0.0356,0.1856,-21.65,0.0356,0.1856,-21.65,0.0000,0.0000,0.00
1789458530.861,0.0393,0.1950,-22.81,0.0393,0.1950,-22.81,0.0000,0.0000,0.00
1789458530.961,0.0434,0.2044,-23.95,0.0434,0.2044,-23.95,0.0000,0.0000,0.00
1789458531.061,0.0476,0.2135,-25.08,0.0476,0.2135,-25.08,0.0000,0.0000,0.00
1789458531.161,0.0520,0.2226,-26.25,0.0520,0.2226,-26.25,0.0000,0.0000,0.00
1789458531.261,0.0564,0.2317,-27.41,0.0564,0.2317,-27.41,0.0000,0.0000,0.00
1789458531.361,0.0611,0.2406,-28.56,0.0611,0.2406,-28.56,0.0000,0.0000,0.00
1789458531.461,0.0661,0.2496,-29.71,0.0661,0.2496,-29.71,0.0000,0.0000,0.00
1789458531.561,0.0713,0.2583,-30.86,0.0713,0.2583,-30.86,0.0000,0.0000,0.00
1789458531.661,0.0766,0.2668,-32.02,0.0766,0.2668,-32.02,0.0000,0.0000,0.00
1789458531.761,0.0821,0.2754,-33.19,0.0821,0.2754,-33.19,0.0000,0.0000,0.00
1789458531.861,0.0877,0.2836,-34.36,0.0877,0.2836,-34.36,0.0000,0.0000,0.00
1789458531.961,0.0934,0.2916,-35.51,0.0934,0.2916,-35.51,0.0000,0.0000,0.00
1789458532.061,0.0994,0.2997,-36.67,0.0994,0.2997,-36.67,0.0000,0.0000,0.00
1789458532.161,0.1056,0.3077,-37.82,0.1056,0.3077,-37.82,0.0000,0.0000,0.00
1789458532.261,0.1118,0.3156,-38.97,0.1118,0.3156,-38.97,0.0000,0.0000,0.00
1789458532.361,0.1182,0.3234,-40.14,0.1182,0.3234,-40.14,0.0000,0.0000,0.00
1789458532.461,0.1249,0.3311,-41.31,0.1249,0.3311,-41.31,0.0000,0.0000,0.00
1789458532.561,0.1315,0.3390,-42.47,0.1315,0.3390,-42.47,0.0000,0.0000,0.00
1789458532.661,0.1384,0.3464,-43.60,0.1384,0.3464,-43.60,-0.0000,0.0000,-0.00
1789458532.761,0.1454,0.3538,-44.74,0.1454,0.3538,-44.74,-0.0000,0.0000,-0.00
1789458532.861,0.1525,0.3609,-45.88,0.1525,0.3609,-45.88,-0.0000,0.0000,-0.00
1789458532.961,0.1599,0.3683,-47.06,0.1599,0.3683,-47.06,-0.0000,0.0000,-0.00
1789458533.061,0.1674,0.3749,-48.18,0.1674,0.3749,-48.18,-0.0000,0.0000,-0.00
1789458533.161,0.1749,0.3816,-49.31,0.1749,0.3816,-49.31,-0.0000,0.0000,-0.00
1789458533.261,0.1826,0.3883,-50.46,0.1826,0.3883,-50.46,-0.0000,0.0000,-0.00
1789458533.361,0.1905,0.3945,-51.61,0.1905,0.3945,-51.61,-0.0000,0.0000,-0.00
1789458533.461,0.1985,0.4004,-52.78,0.1985,0.4004,-52.78,-0.0000,0.0000,-0.00
1789458533.561,0.2068,0.4066,-53.93,0.2068,0.4066,-53.93,-0.0000,0.0000,-0.00
1789458533.661,0.2150,0.4125,-55.08,0.2150,0.4125,-55.08,-0.0000,0.0000,-0.00
1789458533.761,0.2235,0.4181,-56.24,0.2235,0.4181,-56.24,-0.0000,0.0000,-0.00
1789458533.861,0.2319,0.4236,-57.39,0.2319,0.4236,-57.39,-0.0000,0.0000,-0.00
1789458533.961,0.2403,0.4288,-58.55,0.2403,0.4288,-58.55,-0.0000,0.0000,-0.00
1789458534.061,0.2490,0.4339,-59.72,0.2490,0.4339,-59.72,-0.0000,0.0000,-0.00
1789458534.161,0.2578,0.4387,-60.88,0.2578,0.4387,-60.88,-0.0000,0.0000,-0.00
1789458534.261,0.2666,0.4435,-62.03,0.2666,0.4435,-62.03,-0.0000,0.0000,-0.00
1789458534.361,0.2754,0.4483,-63.17,0.2754,0.4483,-63.17,-0.0000,0.0000,-0.00
1789458534.461,0.2846,0.4526,-64.31,0.2846,0.4526,-64.31,-0.0000,0.0000,-0.00
1789458534.561,0.2937,0.4570,-65.47,0.2937,0.4570,-65.47,-0.0000,0.0000,-0.00
1789458534.661,0.3031,0.4611,-66.60,0.3031,0.4611,-66.60,-0.0000,0.0000,-0.00
1789458534.761,0.3124,0.4648,-67.77,0.3124,0.4648,-67.77,-0.0000,0.0000,-0.00
1789458534.861,0.3220,0.4688,-68.92,0.3220,0.4688,-68.92,-0.0000,0.0000,-0.00
1789458534.961,0.3315,0.4722,-70.08,0.3315,0.4722,-70.08,-0.0000,0.0000,-0.00
1789458535.061,0.3409,0.4755,-71.25,0.3409,0.4755,-71.25,-0.0000,0.0000,-0.00
1789458535.161,0.3506,0.4789,-72.39,0.3506,0.4789,-72.39,-0.0000,0.0000,-0.00
1789458535.261,0.3602,0.4816,-73.54,0.3602,0.4816,-73.54,-0.0000,0.0000,-0.00
1789458535.361,0.3700,0.4847,-74.70,0.3700,0.4847,-74.70,-0.0000,0.0000,-0.00
1789458535.461,0.3796,0.4871,-75.86,0.3796,0.4871,-75.86,-0.0000,0.0000,-0.00
1789458535.561,0.3894,0.4894,-77.04,0.3894,0.4894,-77.04,-0.0000,0.0000,-0.00
1789458535.661,0.3991,0.4916,-78.18,0.3991,0.4916,-78.18,-0.0000,0.0000,-0.00
1789458535.761,0.4090,0.4935,-79.33,0.4090,0.4935,-79.33,-0.0000,0.0000,-0.00
1789458535.861,0.4188,0.4952,-80.49,0.4188,0.4952,-80.49,-0.0000,0.0000,-0.00
1789458535.961,0.4287,0.4968,-81.65,0.4287,0.4968,-81.65,-0.0000,0.0000,-0.00
1789458536.061,0.4387,0.4981,-82.81,0.4387,0.4981,-82.81,-0.0000,0.0000,-0.00
1789458536.161,0.4486,0.4993,-83.97,0.4486,0.4993,-83.97,-0.0000,0.0000,-0.00
1789458536.261,0.4586,0.5002,-85.12,0.4586,0.5002,-85.12,-0.0000,0.0000,-0.00
1789458536.361,0.4687,0.5011,-86.28,0.4687,0.5011,-86.28,-0.0000,0.0000,-0.00
1789458536.461,0.4789,0.5018,-87.43,0.4789,0.5018,-87.43,-0.0000,0.0000,-0.00
1789458536.561,0.4889,0.5020,-88.59,0.4889,0.5020,-88.59,-0.0000,0.0000,-0.00
1789458536.661,0.4991,0.5023,-89.75,0.4991,0.5023,-89.75,-0.0000,0.0000,-0.00
1789458536.761,0.5092,0.5025,-90.89,0.5092,0.5025,-90.89,-0.0000,0.0000,-0.00
1789458536.861,0.5193,0.5020,-92.04,0.5193,0.5020,-92.04,-0.0000,0.0000,-0.00
1789458536.961,0.5294,0.5017,-93.20,0.5294,0.5017,-93.20,-0.0000,0.0000,-0.00
1789458537.061,0.5395,0.5011,-94.33,0.5395,0.5011,-94.33,-0.0000,0.0000,-0.00
1789458537.161,0.5495,0.5001,-95.50,0.5495,0.5001,-95.50,-0.0000,0.0000,-0.00
1789458537.261,0.5596,0.4991,-96.65,0.5596,0.4991,-96.65,-0.0000,0.0000,-0.00
1789458537.361,0.5695,0.4977,-97.80,0.5695,0.4977,-97.80,-0.0000,0.0000,-0.00
1789458537.461,0.5794,0.4961,-98.96,0.5794,0.4961,-98.96,-0.0000,0.0000,-0.00
1789458537.561,0.5893,0.4946,-100.12,0.5893,0.4946,-100.12,-0.0000,0.0000,-0.00
1789458537.661,0.5991,0.4926,-101.28,0.5991,0.4926,-101.28,-0.0000,0.0000,-0.00
1789458537.761,0.6092,0.4906,-102.44,0.6092,0.4906,-102.44,-0.0000,0.0000,-0.00
1789458537.861,0.6190,0.4883,-103.59,0.6190,0.4883,-103.59,-0.0000,0.0000,-0.00
1789458537.961,0.6287,0.4858,-104.74,0.6287,0.4858,-104.74,-0.0000,0.0000,-0.00
1789458538.061,0.6383,0.4832,-105.89,0.6383,0.4832,-105.89,-0.0000,0.0000,-0.00
1789458538.161,0.6482,0.4802,-107.04,0.6482,0.4802,-107.04,-0.0000,0.0000,0.00
1789458538.261,0.6576,0.4771,-108.19,0.6576,0.4771,-108.19,-0.0000,0.0000,0.00
1789458538.361,0.6671,0.4739,-109.35,0.6671,0.4739,-109.35,-0.0000,0.0000,0.00
1789458538.461,0.6766,0.4704,-110.50,0.6766,0.4704,-110.50,-0.0000,0.0000,0.00
1789458538.561,0.6860,0.4668,-111.63,0.6860,0.4668,-111.63,-0.0000,0.0000,0.00
1789458538.661,0.6954,0.4629,-112.78,0.6954,0.4629,-112.78,-0.0000,0.0000,0.00
1789458538.761,0.7047,0.4589,-113.95,0.7047,0.4589,-113.95,-0.0000,0.0000,0.00
1789458538.861,0.7138,0.4548,-115.10,0.7138,0.4548,-115.10,-0.0000,0.0000,0.00
1789458538.961,0.7228,0.4504,-116.25,0.7228,0.4504,-116.25,-0.0000,0.0000,0.00
1789458539.061,0.7320,0.4459,-117.42,0.7320,0.4459,-117.42,-0.0000,0.0000,0.00
1789458539.161,0.7409,0.4412,-118.57,0.7409,0.4412,-118.57,-0.0000,0.0000,0.00
1789458539.261,0.7496,0.4362,-119.73,0.7496,0.4362,-119.73,-0.0000,0.0000,0.00
1789458539.361,0.7584,0.4313,-120.89,0.7584,0.4313,-120.89,-0.0000,0.0000,0.00
1789458539.461,0.7670,0.4259,-122.02,0.7670,0.4259,-122.02,-0.0000,0.0000,0.00
1789458539.561,0.7754,0.4203,-123.18,0.7754,0.4203,-123.18,-0.0000,0.0000,0.00
1789458539.661,0.7840,0.4147,-124.33,0.7840,0.4147,-124.33,-0.0000,0.0000,0.00
1789458539.761,0.7921,0.4089,-125.48,0.7921,0.4089,-125.48,-0.0000,0.0000,0.00
1789458539.861,0.8002,0.4028,-126.62,0.8002,0.4028,-126.62,-0.0000,0.0000,0.00
1789458539.961,0.8084,0.3968,-127.76,0.8084,0.3968,-127.76,0.0000,-0.0000,0.00
1789458540.061,0.8164,0.3903,-128.91,0.8164,0.3903,-128.91,0.0000,-0.0000,0.00
1789458540.161,0.8243,0.3839,-130.06,0.8243,0.3839,-130.06,0.0000,-0.0000,0.00
1789458540.261,0.8320,0.3770,-131.20,0.8320,0.3770,-131.20,0.0000,-0.0000,0.00
1789458540.361,0.8396,0.3703,-132.36,0.8396,0.3703,-132.36,0.0000,-0.0000,0.00
1789458540.461,0.8470,0.3635,-133.49,0.8470,0.3635,-133.49,0.0000,-0.0000,0.00
1789458540.561,0.8543,0.3560,-134.64,0.8543,0.3560,-134.64,0.0000,-0.0000,0.00
1789458540.661,0.8613,0.3488,-135.77,0.8613,0.3488,-135.77,0.0000,-0.0000,0.00
1789458540.761,0.8682,0.3413,-136.91,0.8682,0.3413,-136.91,0.0000,-0.0000,0.00
1789458540.861,0.8750,0.3337,-138.06,0.8750,0.3337,-138.06,0.0000,-0.0000,0.00
1789458540.961,0.8817,0.3263,-139.21,0.8817,0.3263,-139.21,0.0000,-0.0000,0.00
1789458541.061,0.8883,0.3185,-140.35,0.8883,0.3185,-140.35,0.0000,-0.0000,0.00
1789458541.161,0.8948,0.3105,-141.51,0.8948,0.3105,-141.51,0.0000,-0.0000,0.00
1789458541.261,0.9012,0.3027,-142.64,0.9012,0.3027,-142.64,0.0000,-0.0000,0.00
1789458541.361,0.9073,0.2945,-143.79,0.9073,0.2945,-143.79,0.0000,-0.0000,0.00
1789458541.461,0.9133,0.2863,-144.94,0.9133,0.2863,-144.94,0.0000,-0.0000,0.00
1789458541.561,0.9190,0.2780,-146.10,0.9190,0.2780,-146.10,0.0000,-0.0000,0.00
1789458541.661,0.9244,0.2696,-147.27,0.9244,0.2696,-147.27,0.0000,-0.0000,0.00
1789458541.762,0.9299,0.2612,-148.42,0.9299,0.2612,-148.42,0.0000,0.0000,0.00
1789458541.861,0.9352,0.2523,-149.55,0.9352,0.2523,-149.55,0.0000,0.0000,0.00
1789458541.961,0.9399,0.2436,-150.70,0.9399,0.2436,-150.70,0.0000,0.0000,0.00
1789458542.061,0.9448,0.2348,-151.86,0.9448,0.2348,-151.86,0.0000,0.0000,0.00
1789458542.161,0.9496,0.2257,-153.03,0.9496,0.2257,-153.03,0.0000,0.0000,0.00
1789458542.261,0.9539,0.2168,-154.17,0.9539,0.2168,-154.17,0.0000,0.0000,0.00
1789458542.361,0.9582,0.2078,-155.32,0.9582,0.2078,-155.32,0.0000,0.0000,0.00
1789458542.461,0.9623,0.1985,-156.49,0.9623,0.1985,-156.49,0.0000,0.0000,0.00
1789458542.561,0.9664,0.1894,-157.64,0.9664,0.1894,-157.64,0.0000,0.0000,0.00
1789458542.661,0.9701,0.1799,-158.81,0.9701,0.1799,-158.81,0.0000,0.0000,0.00
1789458542.761,0.9737,0.1704,-159.96,0.9737,0.1704,-159.96,0.0000,0.0000,0.00
1789458542.861,0.9771,0.1611,-161.09,0.9771,0.1611,-161.09,0.0000,0.0000,0.00
1789458542.961,0.9802,0.1514,-162.26,0.9802,0.1514,-162.26,0.0000,0.0000,0.00
1789458543.061,0.9832,0.1417,-163.43,0.9832,0.1417,-163.43,0.0000,0.0000,0.00
1789458543.161,0.9859,0.1321,-164.58,0.9859,0.1321,-164.58,0.0000,0.0000,0.00
1789458543.261,0.9885,0.1223,-165.73,0.9885,0.1223,-165.73,0.0000,0.0000,0.00
1789458543.361,0.9907,0.1127,-166.87,0.9907,0.1127,-166.87,0.0000,0.0000,0.00
1789458543.461,0.9928,0.1029,-168.02,0.9928,0.1029,-168.02,0.0000,0.0000,0.00
1789458543.561,0.9950,0.0930,-169.18,0.9950,0.0930,-169.18,-0.0000,0.0000,-0.00
1789458543.661,0.9966,0.0832,-170.33,0.9966,0.0832,-170.33,-0.0000,0.0000,-0.00
1789458543.761,0.9983,0.0732,-171.48,0.9983,0.0732,-171.48,-0.0000,0.0000,-0.00
1789458543.861,0.9998,0.0632,-172.64,0.9998,0.0632,-172.64,-0.0000,0.0000,-0.00
1789458543.961,1.0012,0.0533,-173.78,1.0012,0.0533,-173.78,-0.0000,0.0000,-0.00
1789458544.061,1.0021,0.0433,-174.94,1.0021,0.0433,-174.94,-0.0000,0.0000,-0.00
1789458544.161,1.0032,0.0331,-176.10,1.0032,0.0331,-176.10,-0.0000,0.0000,-0.00
1789458544.261,1.0038,0.0229,-177.23,1.0038,0.0229,-177.23,-0.0000,0.0000,-0.00
1789458544.361,1.0042,0.0128,-178.39,1.0042,0.0128,-178.39,-0.0000,0.0000,-0.00
1789458544.461,1.0046,0.0026,-179.55,1.0046,0.0026,-179.55,-0.0000,0.0000,-0.00
1789458544.561,1.0045,-0.0075,179.30,1.0045,-0.0075,179.30,-0.0000,0.0000,-0.00
1789458544.661,1.0043,-0.0176,178.15,1.0043,-0.0176,178.15,-0.0000,0.0000,-0.00
1789458544.761,1.0040,-0.0279,176.99,1.0040,-0.0279,176.99,-0.0000,0.0000,-0.00
1789458544.861,1.0032,-0.0376,175.85,1.0032,-0.0376,175.85,-0.0000,0.0000,-0.00
1789458544.961,1.0026,-0.0477,174.70,1.0026,-0.0477,174.70,-0.0000,0.0000,-0.00
1789458545.061,1.0014,-0.0578,173.53,1.0014,-0.0578,173.53,-0.0000,0.0000,-0.00
1789458545.161,1.0002,-0.0679,172.38,1.0002,-0.0679,172.38,-0.0000,0.0000,-0.00
1789458545.261,0.9988,-0.0779,171.22,0.9988,-0.0779,171.22,-0.0000,0.0000,-0.00
1789458545.361,0.9971,-0.0878,170.06,0.9971,-0.0878,170.06,-0.0000,0.0000,-0.00
1789458545.461,0.9954,-0.0977,168.91,0.9954,-0.0977,168.91,0.0000,0.0000,-0.00
1789458545.561,0.9933,-0.1075,167.76,0.9933,-0.1075,167.76,0.0000,0.0000,-0.00
1789458545.661,0.9911,-0.1174,166.59,0.9911,-0.1174,166.59,0.0000,0.0000,-0.00
1789458545.761,0.9886,-0.1271,165.44,0.9886,-0.1271,165.44,0.0000,0.0000,-0.00
1789458545.861,0.9859,-0.1369,164.28,0.9859,-0.1369,164.28,0.0000,0.0000,-0.00
1789458545.961,0.9831,-0.1466,163.13,0.9831,-0.1466,163.13,0.0000,0.0000,-0.00
1789458546.061,0.9800,-0.1561,161.98,0.9800,-0.1561,161.98,0.0000,0.0000,-0.00
1789458546.161,0.9768,-0.1656,160.83,0.9768,-0.1656,160.83,0.0000,0.0000,-0.00
1789458546.261,0.9735,-0.1752,159.67,0.9735,-0.1752,159.67,0.0000,0.0000,-0.00
1789458546.361,0.9698,-0.1844,158.53,0.9698,-0.1844,158.53,0.0000,0.0000,-0.00
1789458546.461,0.9658,-0.1937,157.38,0.9658,-0.1937,157.38,0.0000,0.0000,-0.00
1789458546.561,0.9618,-0.2032,156.23,0.9618,-0.2032,156.23,0.0000,0.0000,-0.00
1789458546.661,0.9577,-0.2123,155.08,0.9577,-0.2123,155.08,0.0000,0.0000,-0.00
1789458546.761,0.9533,-0.2216,153.92,0.9533,-0.2216,153.92,0.0000,0.0000,-0.00
1789458546.861,0.9488,-0.2310,152.76,0.9488,-0.2310,152.76,0.0000,0.0000,-0.00
1789458546.961,0.9442,-0.2399,151.62,0.9442,-0.2399,151.62,0.0000,0.0000,-0.00
1789458547.061,0.9392,-0.2487,150.46,0.9392,-0.2487,150.46,0.0000,0.0000,-0.00
1789458547.161,0.9342,-0.2576,149.33,0.9342,-0.2576,149.33,0.0000,0.0000,-0.00
1789458547.261,0.9290,-0.2661,148.20,0.9290,-0.2661,148.20,0.0000,0.0000,0.00
1789458547.361,0.9236,-0.2746,147.04,0.9236,-0.2746,147.04,0.0000,0.0000,0.00
1789458547.461,0.9179,-0.2830,145.89,0.9179,-0.2830,145.89,0.0000,0.0000,0.00
1789458547.561,0.9122,-0.2912,144.75,0.9122,-0.2912,144.75,0.0000,0.0000,0.00
1789458547.661,0.9064,-0.2994,143.60,0.9064,-0.2994,143.60,0.0000,0.0000,0.00
1789458547.761,0.9003,-0.3075,142.43,0.9003,-0.3075,142.43,0.0000,0.0000,0.00
1789458547.861,0.8941,-0.3154,141.27,0.8941,-0.3154,141.27,0.0000,0.0000,0.00
1789458547.961,0.8876,-0.3232,140.12,0.8876,-0.3232,140.12,0.0000,0.0000,0.00
1789458548.061,0.8809,-0.3308,138.95,0.8809,-0.3308,138.95,0.0000,0.0000,0.00
1789458548.161,0.8743,-0.3384,137.79,0.8743,-0.3384,137.79,0.0000,0.0000,0.00
1789458548.261,0.8673,-0.3457,136.64,0.8673,-0.3457,136.64,0.0000,0.0000,0.00
1789458548.361,0.8602,-0.3529,135.48,0.8602,-0.3529,135.48,0.0000,0.0000,0.00
1789458548.461,0.8531,-0.3602,134.36,0.8531,-0.3602,134.36,0.0000,0.0000,0.00
1789458548.561,0.8457,-0.3670,133.20,0.8457,-0.3670,133.20,0.0000,0.0000,0.00
1789458548.661,0.8382,-0.3739,132.05,0.8382,-0.3739,132.05,0.0000,0.0000,0.00
1789458548.761,0.8309,-0.3804,130.92,0.8309,-0.3804,130.92,0.0000,0.0000,0.00
1789458548.861,0.8230,-0.3869,129.76,0.8230,-0.3869,129.76,0.0000,0.0000,0.00
1789458548.961,0.8153,-0.3933,128.60,0.8153,-0.3933,128.60,0.0000,0.0000,0.00
1789458549.061,0.8073,-0.3997,127.41,0.8073,-0.3997,127.41,0.0000,-0.0000,0.00
1789458549.161,0.7992,-0.4058,126.27,0.7992,-0.4058,126.27,0.0000,-0.0000,0.00
1789458549.261,0.7911,-0.4117,125.11,0.7911,-0.4117,125.11,0.0000,-0.0000,0.00
1789458549.361,0.7828,-0.4173,123.95,0.7828,-0.4173,123.95,0.0000,-0.0000,0.00
1789458549.461,0.7744,-0.4230,122.78,0.7744,-0.4230,122.78,0.0000,-0.0000,0.00
1789458549.561,0.7655,-0.4283,121.67,0.7655,-0.4283,121.67,0.0000,-0.0000,0.00
1789458549.661,0.7565,-0.4335,120.53,0.7565,-0.4335,120.53,0.0000,-0.0000,0.00
1789458549.761,0.7478,-0.4385,119.40,0.7478,-0.4385,119.40,0.0000,-0.0000,0.00
1789458549.861,0.7388,-0.4433,118.25,0.7388,-0.4433,118.25,0.0000,-0.0000,0.00
1789458549.961,0.7300,-0.4480,117.10,0.7300,-0.4480,117.10,0.0000,-0.0000,0.00
1789458550.061,0.7211,-0.4526,115.95,0.7211,-0.4526,115.95,0.0000,-0.0000,0.00
1789458550.161,0.7120,-0.4569,114.78,0.7120,-0.4569,114.78,0.0000,-0.0000,0.00
1789458550.261,0.7029,-0.4610,113.62,0.7029,-0.4610,113.62,0.0000,-0.0000,0.00
1789458550.361,0.6937,-0.4650,112.46,0.6937,-0.4650,112.46,0.0000,-0.0000,0.00
1789458550.461,0.6842,-0.4687,111.29,0.6842,-0.4687,111.29,0.0000,-0.0000,0.00
1789458550.561,0.6749,-0.4724,110.13,0.6749,-0.4724,110.13,0.0000,-0.0000,0.00
1789458550.661,0.6653,-0.4757,108.99,0.6653,-0.4757,108.99,0.0000,-0.0000,0.00
1789458550.761,0.6558,-0.4789,107.83,0.6558,-0.4789,107.83,0.0000,-0.0000,0.00
1789458550.861,0.6462,-0.4820,106.67,0.6462,-0.4820,106.67,0.0000,0.0000,0.00
1789458550.961,0.6366,-0.4846,105.52,0.6366,-0.4846,105.52,0.0000,0.0000,0.00
1789458551.061,0.6270,-0.4873,104.37,0.6270,-0.4873,104.37,0.0000,0.0000,0.00
1789458551.161,0.6173,-0.4897,103.22,0.6173,-0.4897,103.22,0.0000,0.0000,0.00
1789458551.261,0.6074,-0.4920,102.04,0.6074,-0.4920,102.04,0.0000,0.0000,0.00
1789458551.361,0.5976,-0.4942,100.89,0.5976,-0.4942,100.89,0.0000,0.0000,0.00
1789458551.461,0.5878,-0.4960,99.74,0.5878,-0.4960,99.74,0.0000,0.0000,0.00
1789458551.561,0.5778,-0.4977,98.58,0.5778,-0.4977,98.58,0.0000,0.0000,0.00
1789458551.661,0.5677,-0.4991,97.42,0.5677,-0.4991,97.42,0.0000,0.0000,0.00
1789458551.761,0.5577,-0.5004,96.28,0.5577,-0.5004,96.28,0.0000,0.0000,0.00
1789458551.861,0.5476,-0.5014,95.12,0.5476,-0.5014,95.12,0.0000,0.0000,0.00
1789458551.961,0.5376,-0.5022,93.98,0.5376,-0.5022,93.98,0.0000,0.0000,0.00
1789458552.061,0.5276,-0.5028,92.82,0.5276,-0.5028,92.82,0.0000,0.0000,0.00
1789458552.161,0.5175,-0.5032,91.69,0.5175,-0.5032,91.69,0.0000,0.0000,0.00
1789458552.261,0.5072,-0.5032,90.53,0.5072,-0.5032,90.53,0.0000,0.0000,0.00
1789458552.361,0.4971,-0.5032,89.39,0.4971,-0.5032,89.39,0.0000,0.0000,0.00
1789458552.461,0.4870,-0.5029,88.24,0.4870,-0.5029,88.24,0.0000,0.0000,0.00
1789458552.561,0.4770,-0.5024,87.10,0.4770,-0.5024,87.10,0.0000,0.0000,0.00
1789458552.661,0.4668,-0.5018,85.95,0.4668,-0.5018,85.95,0.0000,-0.0000,-0.00
1789458552.761,0.4567,-0.5011,84.81,0.4567,-0.5011,84.81,0.0000,-0.0000,-0.00
1789458552.861,0.4464,-0.5001,83.64,0.4464,-0.5001,83.64,0.0000,-0.0000,-0.00
1789458552.961,0.4363,-0.4989,82.51,0.4363,-0.4989,82.51,0.0000,-0.0000,-0.00
1789458553.061,0.4264,-0.4974,81.35,0.4264,-0.4974,81.35,0.0000,-0.0000,-0.00
1789458553.161,0.4163,-0.4959,80.20,0.4163,-0.4959,80.20,0.0000,-0.0000,-0.00
1789458553.261,0.4063,-0.4940,79.06,0.4063,-0.4940,79.06,0.0000,-0.0000,-0.00
1789458553.361,0.3965,-0.4919,77.90,0.3965,-0.4919,77.90,0.0000,-0.0000,-0.00
1789458553.461,0.3866,-0.4898,76.74,0.3866,-0.4898,76.74,0.0000,-0.0000,-0.00
1789458553.561,0.3768,-0.4874,75.61,0.3768,-0.4874,75.61,0.0000,-0.0000,-0.00
1789458553.661,0.3673,-0.4845,74.47,0.3673,-0.4845,74.47,0.0000,-0.0000,-0.00
1789458553.761,0.3574,-0.4819,73.31,0.3574,-0.4819,73.31,0.0000,-0.0000,-0.00
1789458553.861,0.3479,-0.4786,72.18,0.3479,-0.4786,72.18,0.0000,-0.0000,-0.00
1789458553.961,0.3384,-0.4754,71.02,0.3384,-0.4754,71.02,0.0000,-0.0000,-0.00
1789458554.061,0.3289,-0.4720,69.86,0.3289,-0.4720,69.86,0.0000,-0.0000,-0.00
1789458554.161,0.3195,-0.4685,68.71,0.3195,-0.4685,68.71,0.0000,-0.0000,-0.00
1789458554.261,0.3101,-0.4647,67.57,0.3101,-0.4647,67.57,0.0000,-0.0000,-0.00
1789458554.361,0.3006,-0.4608,66.40,0.3006,-0.4608,66.40,0.0000,-0.0000,-0.00
1789458554.461,0.2915,-0.4566,65.24,0.2915,-0.4566,65.24,0.0000,-0.0000,-0.00
1789458554.561,0.2824,-0.4525,64.09,0.2824,-0.4525,64.09,0.0000,0.0000,0.00
1789458554.661,0.2732,-0.4478,62.94,0.2732,-0.4478,62.94,0.0000,0.0000,0.00
1789458554.761,0.2642,-0.4432,61.81,0.2642,-0.4432,61.81,0.0000,0.0000,0.00
1789458554.861,0.2553,-0.4383,60.67,0.2553,-0.4383,60.67,0.0000,0.0000,0.00
1789458554.961,0.2465,-0.4330,59.50,0.2465,-0.4330,59.50,0.0000,0.0000,0.00
1789458555.061,0.2380,-0.4278,58.36,0.2380,-0.4278,58.36,0.0000,0.0000,0.00
1789458555.161,0.2295,-0.4225,57.20,0.2295,-0.4225,57.20,0.0000,0.0000,0.00
1789458555.261,0.2212,-0.4169,56.03,0.2212,-0.4169,56.03,0.0000,0.0000,0.00
1789458555.361,0.2126,-0.4113,54.88,0.2126,-0.4113,54.88,0.0000,0.0000,0.00
1789458555.461,0.2046,-0.4054,53.75,0.2046,-0.4054,53.75,0.0000,0.0000,0.00
1789458555.561,0.1964,-0.3993,52.58,0.1964,-0.3993,52.58,0.0000,0.0000,0.00
1789458555.661,0.1884,-0.3932,51.43,0.1884,-0.3932,51.43,0.0000,0.0000,0.00
1789458555.761,0.1806,-0.3868,50.27,0.1806,-0.3868,50.27,0.0000,0.0000,0.00
1789458555.861,0.1728,-0.3804,49.11,0.1728,-0.3804,49.11,0.0000,0.0000,0.00
1789458555.961,0.1652,-0.3736,47.97,0.1652,-0.3736,47.97,0.0000,0.0000,0.00
1789458556.061,0.1580,-0.3667,46.82,0.1580,-0.3667,46.82,0.0000,0.0000,0.00
1789458556.161,0.1507,-0.3597,45.68,0.1507,-0.3597,45.68,0.0000,0.0000,0.00
1789458556.261,0.1436,-0.3522,44.54,0.1436,-0.3522,44.54,0.0000,0.0000,0.00
1789458556.361,0.1366,-0.3449,43.38,0.1366,-0.3449,43.38,0.0000,-0.0000,0.00
1789458556.461,0.1298,-0.3374,42.24,0.1298,-0.3374,42.24,0.0000,-0.0000,0.00
1789458556.561,0.1230,-0.3299,41.09,0.1230,-0.3299,41.09,0.0000,-0.0000,0.00
1789458556.661,0.1164,-0.3221,39.94,0.1164,-0.3221,39.94,0.0000,-0.0000,0.00
1789458556.761,0.1100,-0.3142,38.79,0.1100,-0.3142,38.79,0.0000,-0.0000,0.00
1789458556.861,0.1037,-0.3061,37.63,0.1037,-0.3061,37.63,0.0000,-0.0000,0.00
1789458556.961,0.0976,-0.2982,36.48,0.0976,-0.2982,36.48,0.0000,-0.0000,0.00
1789458557.061,0.0917,-0.2897,35.32,0.0917,-0.2897,35.32,0.0000,-0.0000,0.00
1789458557.161,0.0860,-0.2815,34.17,0.0860,-0.2815,34.17,0.0000,-0.0000,0.00
1789458557.261,0.0804,-0.2734,33.04,0.0804,-0.2734,33.04,0.0000,-0.0000,0.00
1789458557.361,0.0750,-0.2648,31.87,0.0750,-0.2648,31.87,0.0000,-0.0000,0.00
1789458557.461,0.0698,-0.2560,30.72,0.0698,-0.2560,30.72,0.0000,-0.0000,0.00
1789458557.561,0.0647,-0.2473,29.56,0.0647,-0.2473,29.56,0.0000,-0.0000,0.00
1789458557.661,0.0599,-0.2385,28.41,0.0599,-0.2385,28.41,0.0000,-0.0000,0.00
1789458557.761,0.0552,-0.2294,27.27,0.0552,-0.2294,27.27,0.0000,-0.0000,0.00
1789458557.861,0.0506,-0.2204,26.12,0.0506,-0.2204,26.12,0.0000,-0.0000,0.00
1789458557.961,0.0462,-0.2112,24.95,0.0462,-0.2112,24.95,0.0000,-0.0000,0.00
1789458558.061,0.0419,-0.2018,23.79,0.0419,-0.2018,23.79,0.0000,-0.0000,0.00
1789458558.161,0.0380,-0.1925,22.64,0.0380,-0.1925,22.64,-0.0000,-0.0000,0.00
1789458558.261,0.0341,-0.1833,21.49,0.0341,-0.1833,21.49,-0.0000,-0.0000,0.00
1789458558.361,0.0306,-0.1738,20.35,0.0306,-0.1738,20.35,-0.0000,-0.0000,0.00
1789458558.462,0.0272,-0.1643,19.20,0.0272,-0.1643,19.20,-0.0000,-0.0000,0.00
1789458558.561,0.0240,-0.1549,18.05,0.0240,-0.1549,18.05,-0.0000,-0.0000,0.00
1789458558.661,0.0210,-0.1451,16.92,0.0210,-0.1451,16.92,-0.0000,-0.0000,0.00
1789458558.761,0.0182,-0.1354,15.76,0.0182,-0.1354,15.76,-0.0000,-0.0000,0.00
1789458558.861,0.0155,-0.1256,14.59,0.0155,-0.1256,14.59,-0.0000,-0.0000,0.00
1789458558.961,0.0131,-0.1158,13.47,0.0131,-0.1158,13.47,-0.0000,-0.0000,0.00
1789458559.061,0.0108,-0.1059,12.30,0.0108,-0.1059,12.30,-0.0000,-0.0000,0.00
1789458559.161,0.0087,-0.0959,11.16,0.0087,-0.0959,11.16,-0.0000,-0.0000,0.00
1789458559.261,0.0069,-0.0859,10.01,0.0069,-0.0859,10.01,-0.0000,-0.0000,0.00
1789458559.361,0.0051,-0.0760,8.86,0.0051,-0.0760,8.86,-0.0000,-0.0000,0.00
1789458559.461,0.0038,-0.0659,7.69,0.0038,-0.0659,7.69,-0.0000,-0.0000,0.00
1789458559.561,0.0025,-0.0560,6.54,0.0025,-0.0560,6.54,-0.0000,-0.0000,0.00
1789458559.661,0.0014,-0.0459,5.40,0.0014,-0.0459,5.40,-0.0000,-0.0000,0.00
1789458559.761,0.0007,-0.0359,4.24,0.0007,-0.0359,4.24,-0.0000,-0.0000,0.00
1789458559.861,0.0000,-0.0267,3.16,0.0000,-0.0267,3.16,-0.0000,-0.0000,0.00
1789458559.961,-0.0004,-0.0208,2.62,-0.0004,-0.0208,2.62,0.0000,0.0000,-0.00
1789458560.061,-0.0008,-0.0194,2.55,-0.0008,-0.0194,2.55,0.0000,0.0000,-0.00
1789458560.161,-0.0008,-0.0194,2.55,-0.0008,-0.0194,2.55,0.0000,0.0000,-0.00
1789458560.261,-0.0008,-0.0194,2.55,-0.0008,-0.0194,2.55,0.0000,0.0000,-0.00
1789458560.361,-0.0008,-0.0194,2.55,-0.0008,-0.0194,2.55,0.0000,0.0000,-0.00
1789458560.461,-0.0008,-0.0194,2.55,-0.0008,-0.0194,2.55,0.0000,0.0000,-0.00
1789458560.561,-0.0006,-0.0171,2.27,-0.0006,-0.0171,2.27,0.0000,0.0000,-0.00
1789458560.661,-0.0005,-0.0107,1.50,-0.0005,-0.0107,1.50,0.0000,0.0000,-0.00
1789458560.761,-0.0005,-0.0016,0.40,-0.0005,-0.0016,0.40,0.0000,0.0000,-0.00
1789458560.861,-0.0007,0.0047,-0.19,-0.0007,0.0047,-0.19,0.0000,0.0000,-0.00
1789458560.961,-0.0011,0.0063,-0.26,-0.0011,0.0063,-0.26,0.0000,0.0000,-0.00
1789458561.061,-0.0012,0.0064,-0.27,-0.0012,0.0064,-0.27,0.0000,0.0000,-0.00
1789458561.161,-0.0012,0.0063,-0.27,-0.0012,0.0063,-0.27,0.0000,0.0000,-0.00
1789458561.261,-0.0012,0.0063,-0.27,-0.0012,0.0063,-0.27,0.0000,0.0000,-0.00
1789458561.361,-0.0012,0.0063,-0.27,-0.0012,0.0063,-0.27,0.0000,0.0000,-0.00
1789458561.461,-0.0012,0.0063,-0.27,-0.0012,0.0063,-0.27,0.0000,0.0000,-0.00
1789458561.561,-0.0012,0.0063,-0.27,-0.0012,0.0063,-0.27,0.0000,0.0000,-0.00
1789458561.661,-0.0012,0.0063,-0.27,-0.0012,0.0063,-0.27,0.0000,0.0000,-0.00
1789458561.761,-0.0012,0.0063,-0.27,-0.0012,0.0063,-0.27,0.0000,0.0000,-0.00
1789458561.861,-0.0012,0.0063,-0.27,-0.0012,0.0063,-0.27,0.0000,0.0000,-0.00
1789458561.961,-0.0012,0.0063,-0.27,-0.0012,0.0063,-0.27,0.0000,0.0000,-0.00
1789458562.061,-0.0012,0.0063,-0.27,-0.0012,0.0063,-0.27,0.0000,0.0000,-0.00
1789458562.161,-0.0012,0.0063,-0.27,-0.0012,0.0063,-0.27,0.0000,0.0000,-0.00
1789458562.261,-0.0012,0.0063,-0.27,-0.0012,0.0063,-0.27,0.0000,0.0000,-0.00
1789458562.361,-0.0012,0.0063,-0.27,-0.0012,0.0063,-0.27,0.0000,0.0000,-0.00
1789458562.461,-0.0012,0.0063,-0.27,-0.0012,0.0063,-0.27,0.0000,0.0000,-0.00
1789458562.561,-0.0012,0.0063,-0.27,-0.0012,0.0063,-0.27,0.0000,0.0000,-0.00
1789458562.661,-0.0012,0.0063,-0.27,-0.0012,0.0063,-0.27,0.0000,0.0000,-0.00
1789458562.761,-0.0012,0.0063,-0.27,-0.0012,0.0063,-0.27,0.0000,0.0000,-0.00
1789458562.861,-0.0012,0.0063,-0.27,-0.0012,0.0063,-0.27,0.0000,0.0000,-0.00
1789458562.961,-0.0012,0.0063,-0.27,-0.0012,0.0063,-0.27,0.0000,0.0000,-0.00
1789458563.061,-0.0012,0.0063,-0.27,-0.0012,0.0063,-0.27,0.0000,0.0000,-0.00
1789458563.161,-0.0012,0.0063,-0.27,-0.0012,0.0063,-0.27,0.0000,0.0000,-0.00
1789458563.261,-0.0012,0.0063,-0.27,-0.0012,0.0063,-0.27,0.0000,0.0000,-0.00
1789458563.361,-0.0012,0.0063,-0.27,-0.0012,0.0063,-0.27,0.0000,0.0000,-0.00
1789458563.461,-0.0012,0.0063,-0.27,-0.0012,0.0063,-0.27,0.0000,0.0000,-0.00
1789458563.561,-0.0012,0.0063,-0.27,-0.0012,0.0063,-0.27,0.0000,0.0000,-0.00
1789458563.661,-0.0012,0.0063,-0.27,-0.0012,0.0063,-0.27,0.0000,0.0000,-0.00
1789458563.761,-0.0012,0.0063,-0.27,-0.0012,0.0063,-0.27,0.0000,0.0000,-0.00
1789458563.861,-0.0012,0.0063,-0.27,-0.0012,0.0063,-0.27,0.0000,0.0000,-0.00
1789458563.961,-0.0012,0.0063,-0.27,-0.0012,0.0063,-0.27,0.0000,0.0000,-0.00
1789458564.061,-0.0012,0.0063,-0.27,-0.0012,0.0063,-0.27,0.0000,0.0000,-0.00
1789458564.161,-0.0012,0.0063,-0.27,-0.0012,0.0063,-0.27,0.0000,0.0000,-0.00
1789458564.261,-0.0012,0.0063,-0.27,-0.0012,0.0063,-0.27,0.0000,0.0000,-0.00
1789458564.361,-0.0012,0.0063,-0.27,-0.0012,0.0063,-0.27,0.0000,0.0000,-0.00
1789458564.461,-0.0012,0.0063,-0.27,-0.0012,0.0063,-0.27,0.0000,0.0000,-0.00
1789458564.561,-0.0012,0.0063,-0.27,-0.0012,0.0063,-0.27,0.0000,0.0000,-0.00
1789458564.661,-0.0012,0.0063,-0.27,-0.0012,0.0063,-0.27,0.0000,0.0000,-0.00
1789458564.761,-0.0012,0.0063,-0.27,-0.0012,0.0063,-0.27,0.0000,0.0000,-0.00
1789458564.861,-0.0012,0.0063,-0.27,-0.0012,0.0063,-0.27,0.0000,0.0000,-0.00
1789458564.961,-0.0012,0.0063,-0.27,-0.0012,0.0063,-0.27,0.0000,0.0000,-0.00
1789458565.061,-0.0012,0.0063,-0.27,-0.0012,0.0063,-0.27,0.0000,0.0000,-0.00
1789458565.161,-0.0012,0.0063,-0.27,-0.0012,0.0063,-0.27,0.0000,0.0000,-0.00
1789458565.261,-0.0012,0.0063,-0.27,-0.0012,0.0063,-0.27,0.0000,0.0000,-0.00
1789458565.361,-0.0012,0.0063,-0.27,-0.0012,0.0063,-0.27,0.0000,0.0000,-0.00
1789458565.461,-0.0012,0.0063,-0.27,-0.0012,0.0063,-0.27,0.0000,0.0000,-0.00
1789458565.561,-0.0012,0.0063,-0.27,-0.0012,0.0063,-0.27,0.0000,0.0000,-0.00
1789458565.661,-0.0012,0.0063,-0.27,-0.0012,0.0063,-0.27,0.0000,0.0000,-0.00
1789458565.761,-0.0012,0.0063,-0.27,-0.0012,0.0063,-0.27,0.0000,0.0000,-0.00
1789458565.861,-0.0012,0.0063,-0.27,-0.0012,0.0063,-0.27,0.0000,0.0000,-0.00
1789458565.961,-0.0012,0.0063,-0.27,-0.0012,0.0063,-0.27,0.0000,0.0000,-0.00
1789458566.061,-0.0012,0.0063,-0.27,-0.0012,0.0063,-0.27,0.0000,0.0000,-0.00
1789458566.161,-0.0012,0.0063,-0.27,-0.0012,0.0063,-0.27,0.0000,0.0000,-0.00
1789458566.261,-0.0012,0.0063,-0.27,-0.0012,0.0063,-0.27,0.0000,0.0000,-0.00
1789458566.361,-0.0012,0.0063,-0.27,-0.0012,0.0063,-0.27,0.0000,0.0000,-0.00
1789458566.461,-0.0012,0.0063,-0.27,-0.0012,0.0063,-0.27,0.0000,0.0000,-0.00
1789458566.561,-0.0012,0.0063,-0.27,-0.0012,0.0063,-0.27,0.0000,0.0000,-0.00
1789458566.661,-0.0012,0.0063,-0.27,-0.0012,0.0063,-0.27,0.0000,0.0000,-0.00
1789458566.761,-0.0012,0.0063,-0.27,-0.0012,0.0063,-0.27,0.0000,0.0000,-0.00
1789458566.861,-0.0012,0.0063,-0.27,-0.0012,0.0063,-0.27,0.0000,0.0000,-0.00
1789458566.961,-0.0012,0.0063,-0.27,-0.0012,0.0063,-0.27,0.0000,0.0000,-0.00
1789458567.061,-0.0012,0.0063,-0.27,-0.0012,0.0063,-0.27,0.0000,0.0000,-0.00
1789458567.161,-0.0012,0.0063,-0.27,-0.0012,0.0063,-0.27,0.0000,0.0000,-0.00
1789458567.261,-0.0012,0.0063,-0.27,-0.0012,0.0063,-0.27,0.0000,0.0000,-0.00
1789458567.361,-0.0012,0.0063,-0.27,-0.0012,0.0063,-0.27,0.0000,0.0000,-0.00
1789458567.461,-0.0012,0.0063,-0.27,-0.0012,0.0063,-0.27,0.0000,0.0000,-0.00
1789458567.561,-0.0012,0.0063,-0.27,-0.0012,0.0063,-0.27,0.0000,0.0000,-0.00
1789458567.661,-0.0012,0.0063,-0.27,-0.0012,0.0063,-0.27,0.0000,0.0000,-0.00
1789458567.761,-0.0012,0.0063,-0.27,-0.0012,0.0063,-0.27,0.0000,0.0000,-0.00
1789458567.861,-0.0012,0.0063,-0.27,-0.0012,0.0063,-0.27,0.0000,0.0000,-0.00
1789458567.961,-0.0012,0.0063,-0.27,-0.0012,0.0063,-0.27,0.0000,0.0000,-0.00
1789458568.061,-0.0012,0.0063,-0.27,-0.0012,0.0063,-0.27,0.0000,0.0000,-0.00
1789458568.161,-0.0012,0.0063,-0.27,-0.0012,0.0063,-0.27,0.0000,0.0000,-0.00
1789458568.261,-0.0012,0.0063,-0.27,-0.0012,0.0063,-0.27,0.0000,0.0000,-0.00
1789458568.361,-0.0012,0.0063,-0.27,-0.0012,0.0063,-0.27,0.0000,0.0000,-0.00
1789458568.461,-0.0012,0.0063,-0.27,-0.0012,0.0063,-0.27,0.0000,0.0000,-0.00
1789458568.561,-0.0012,0.0063,-0.27,-0.0012,0.0063,-0.27,0.0000,0.0000,-0.00
1789458568.661,-0.0012,0.0063,-0.27,-0.0012,0.0063,-0.27,0.0000,0.0000,-0.00
1789458568.761,-0.0012,0.0063,-0.27,-0.0012,0.0063,-0.27,0.0000,0.0000,-0.00
1789458568.861,-0.0012,0.0063,-0.27,-0.0012,0.0063,-0.27,0.0000,0.0000,-0.00
1789458568.961,-0.0012,0.0063,-0.27,-0.0012,0.0063,-0.27,0.0000,0.0000,-0.00
1789458569.061,-0.0012,0.0063,-0.27,-0.0012,0.0063,-0.27,0.0000,0.0000,-0.00
1789458569.161,-0.0012,0.0063,-0.27,-0.0012,0.0063,-0.27,0.0000,0.0000,-0.00
1789458569.261,-0.0012,0.0063,-0.27,-0.0012,0.0063,-0.27,0.0000,0.0000,-0.00
1789458569.361,-0.0012,0.0063,-0.27,-0.0012,0.0063,-0.27,0.0000,0.0000,-0.00
1789458569.461,-0.0012,0.0063,-0.27,-0.0012,0.0063,-0.27,0.0000,0.0000,-0.00
1789458569.561,-0.0012,0.0063,-0.27,-0.0012,0.0063,-0.27,0.0000,0.0000,-0.00
1789458569.661,-0.0012,0.0063,-0.27,-0.0012,0.0063,-0.27,0.0000,0.0000,-0.00
1789458569.761,-0.0012,0.0063,-0.27,-0.0012,0.0063,-0.27,0.0000,0.0000,-0.00
1789458569.861,-0.0012,0.0063,-0.27,-0.0012,0.0063,-0.27,0.0000,0.0000,-0.00
1789458569.961,-0.0012,0.0063,-0.27,-0.0012,0.0063,-0.27,0.0000,0.0000,-0.00
1789458570.061,-0.0012,0.0063,-0.27,-0.0012,0.0063,-0.27,0.0000,0.0000,-0.00
1789458570.161,-0.0012,0.0063,-0.27,-0.0012,0.0063,-0.27,0.0000,0.0000,-0.00
1789458570.261,-0.0012,0.0063,-0.27,-0.0012,0.0063,-0.27,0.0000,0.0000,-0.00
1789458570.361,-0.0012,0.0063,-0.27,-0.0012,0.0063,-0.27,0.0000,0.0000,-0.00
1789458570.461,-0.0012,0.0063,-0.27,-0.0012,0.0063,-0.27,0.0000,0.0000,-0.00
1789458570.561,-0.0012,0.0063,-0.27,-0.0012,0.0063,-0.27,0.0000,0.0000,-0.00
1789458570.661,-0.0012,0.0063,-0.27,-0.0012,0.0063,-0.27,0.0000,0.0000,-0.00
1789458570.761,-0.0012,0.0063,-0.27,-0.0012,0.0063,-0.27,0.0000,0.0000,-0.00
1789458570.861,-0.0012,0.0063,-0.27,-0.0012,0.0063,-0.27,0.0000,0.0000,-0.00
1789458570.961,-0.0012,0.0063,-0.27,-0.0012,0.0063,-0.27,0.0000,0.0000,-0.00
1789458571.061,-0.0012,0.0063,-0.27,-0.0012,0.0063,-0.27,0.0000,0.0000,-0.00
1789458571.161,-0.0012,0.0063,-0.27,-0.0012,0.0063,-0.27,0.0000,0.0000,-0.00
1789458571.261,-0.0012,0.0063,-0.27,-0.0012,0.0063,-0.27,0.0000,0.0000,-0.00
1789458571.361,-0.0012,0.0063,-0.27,-0.0012,0.0063,-0.27,0.0000,0.0000,-0.00
1789458571.461,-0.0012,0.0063,-0.27,-0.0012,0.0063,-0.27,0.0000,0.0000,-0.00
1789458571.561,-0.0012,0.0063,-0.27,-0.0012,0.0063,-0.27,0.0000,0.0000,-0.00
1789458571.661,-0.0012,0.0063,-0.27,-0.0012,0.0063,-0.27,0.0000,0.0000,-0.00
1789458571.761,-0.0012,0.0063,-0.27,-0.0012,0.0063,-0.27,0.0000,0.0000,-0.00
1789458571.861,-0.0012,0.0063,-0.27,-0.0012,0.0063,-0.27,0.0000,0.0000,-0.00
1789458571.961,-0.0012,0.0063,-0.27,-0.0012,0.0063,-0.27,0.0000,0.0000,-0.00
1789458572.061,-0.0012,0.0063,-0.27,-0.0012,0.0063,-0.27,0.0000,0.0000,-0.00
1789458572.161,-0.0012,0.0063,-0.27,-0.0012,0.0063,-0.27,0.0000,0.0000,-0.00
1789458572.261,-0.0012,0.0063,-0.27,-0.0012,0.0063,-0.27,0.0000,0.0000,-0.00
1789458572.361,-0.0012,0.0063,-0.27,-0.0012,0.0063,-0.27,0.0000,0.0000,-0.00
1789458572.461,-0.0012,0.0063,-0.27,-0.0012,0.0063,-0.27,0.0000,0.0000,-0.00
1789458572.561,-0.0012,0.0063,-0.27,-0.0012,0.0063,-0.27,0.0000,0.0000,-0.00
